
truncate table checklists;
truncate table checklist_sections;
truncate table checklist_items;
truncate table checklist_item_select_options;
truncate table inspection_schedule;
truncate table inspections;
truncate table inspection_responses;
truncate table map_saved_location;
truncate table payment;
truncate table logs;
truncate table general_info;



INSERT INTO `checklists` (`checklist_id`, `fsed_code`, `title`, `description`, `version`, `created_at`, `checklist_status`) VALUES
(1, 'FSED-6F', 'Fire Safety Checklist on Building Plans', 'Checklist for reviewing fire safety compliance of building plans', 'Rev02', '2025-08-31 05:45:01', 0),
(2, 'FSED-14F', 'Industrial Occupancy Checklist', 'Inspection checklist for industrial occupancy compliance', 'Rev01', '2025-08-31 05:45:01', 1),
(3, 'FSED-18F', 'Business Occupancy Checklist', 'Inspection checklist for business occupancy compliance', 'Rev01', '2025-08-31 05:45:01', 0),
(4, 'FSED-15F', 'Educational Occupancy Checklist', 'Inspection checklist for educational occupancy compliance', 'Rev01', '2025-08-31 05:45:50', 1),
(5, 'FSED-16F', 'Healthcare Occupancy Checklist', 'Inspection checklist for healthcare occupancy compliance', 'Rev01', '2025-08-31 06:13:49', 0),
(6, 'FSED-17F', 'Mercantile Occupancy Checklist', 'Inspection checklist for mercantile occupancy compliance', 'Rev01', '2025-08-31 07:06:03', 0),
(8, 'FSED-19F', 'Health Care Occupancy Checklist', 'Inspection checklist for healthcare occupancy compliance', 'Rev01', '2025-08-31 07:27:12', 0),
(9, 'FSED-20F', 'Storage Occupancy Checklist', 'Inspection checklist for storage occupancy compliance', 'Rev01', '2025-08-31 07:44:34', 0),
(10, 'FSED-21F', 'Single and Two-Family Dwellings Checklist', 'Checklist for fire safety inspection of single and two-family dwellings (BFP-QSF-FSED-021 Rev. 01)', 'Rev. 01', '2025-08-31 08:03:05', 0),
(11, 'FSED-6F', 'Fire Safety Checklist on Building Plans', 'Checklist for evaluating fire safety compliance on building plans as per RA 9514 and its RIRR 2019', 'Rev01', '2025-09-01 10:58:46', 0),
(12, 'FSED-24F', 'Small/General Business Establishment Checklist', 'Inspection checklist for compliance of small/general business establishments', 'Rev01', '2025-09-01 11:02:52', 1),
(13, 'FSED-26F', 'Gasoline Service Station Checklist', 'Inspection checklist for compliance of gasoline service stations', 'Rev01', '2025-09-01 11:08:20', 1),
(14, 'FSED-27F', 'Places of Assembly Occupancy Checklist', 'Checklist for inspection and fire safety evaluation of places of assembly occupancy, covering general information, construction, exits, fire protection features, hazardous materials, and operating features in compliance with RA 9514 and its IRR.', '1.0', '2025-09-01 11:17:07', 1);

INSERT INTO `checklist_items` (`item_id`, `checklist_id`, `section`, `item_no`, `item_text`, `input_type`, `unit_label`, `checklist_criteria`, `threshold_range_min`, `threshold_range_max`, `threshold_min_val`, `threshold_max_val`, `threshold_yes_no`, `threshold_elapse_day`, `threshold_text_value`, `required`) VALUES
(6, 12, 2, NULL, 'Exit Doors', 'number', 'm', 'range', '0.8', '3', NULL, NULL, NULL, NULL, NULL, 0),
(7, 12, 2, NULL, 'Horizontal Exits', 'number', 'm', 'range', '0.8', '3', NULL, NULL, NULL, NULL, NULL, 0),
(8, 12, 2, NULL, 'Exit Doors', 'number', 'm', 'min_val', '0.9', '3', '12', '0', '0', '0', NULL, 0),
(10, 12, 2, NULL, 'Stairs', 'number', 'm', 'range', '0.6', '0.915', '0', '0', '0', '0', NULL, 0),
(11, 12, 3, NULL, 'Minimum Letter Height  - 150 mm; ', 'number', 'mm', 'min_val', '', '', '150', '', NULL, '', NULL, 0),
(12, 12, 3, NULL, 'Width of Stroke - 19mm', 'number', 'mm', 'min_val', '', '', '19', '', NULL, '', NULL, 0),
(13, 12, 3, NULL, 'Exit Signs are posted along Exit Access, Exits and Exit Discharge', 'checkbox', '', 'yes_no', '', '', '', '', '1', '', NULL, 0),
(15, 12, 4, NULL, 'Hazard Classification', 'select', '', 'select', NULL, NULL, NULL, NULL, NULL, NULL, NULL, 0),
(16, 12, 4, NULL, 'Storage Clearance Required', 'checkbox', '', 'yes_no', NULL, NULL, NULL, NULL, '1', NULL, NULL, 0),
(17, 12, 4, NULL, 'Fire Safety Clearance for Storage', 'checkbox', '', 'yes_no', NULL, NULL, NULL, NULL, '1', NULL, NULL, 0),
(18, 12, 4, NULL, 'Date Issued', 'date', '', 'days', NULL, NULL, NULL, NULL, NULL, '960', NULL, 0),
(19, 12, 1, NULL, 'Doors', 'number', '', 'range', '0.9', '2.1', '0', '0', '0', '0', NULL, 0),
(20, 12, 1, NULL, 'Corridors / Hallways', 'number', 'm', 'range', '0.8', '3', NULL, NULL, NULL, NULL, NULL, 0),
(21, 1, 5, NULL, 'Test if No Criteria', 'text', 'm', '', '', '', '', '', NULL, '', NULL, 0),
(24, 12, 2, NULL, 'At least two (2) means of egress for each floor', 'checkbox', '', 'yes_no', NULL, NULL, NULL, NULL, '1', NULL, NULL, 0),
(25, 12, 2, NULL, 'Exits doors open and close properly?', 'checkbox', '', 'yes_no', NULL, NULL, NULL, NULL, '1', NULL, NULL, 0),
(26, 12, 2, NULL, 'Do doors swing in direction of egress?', 'checkbox', '', 'yes_no', NULL, NULL, NULL, NULL, '1', NULL, NULL, 0),
(27, 12, 4, NULL, 'Hazard Content', 'select', '', 'select', NULL, NULL, NULL, NULL, NULL, NULL, NULL, 0),
(28, 12, 4, NULL, 'Total Volume', 'number', 'Liters', 'range', '10', '200', NULL, NULL, NULL, NULL, NULL, 0),
(29, 12, 4, NULL, 'Location', 'select', '', 'select', NULL, NULL, NULL, NULL, NULL, NULL, NULL, 0),
(30, 12, 5, NULL, 'Clearance of Stocks from the Ceiling', 'checkbox', '', 'yes_no', NULL, NULL, NULL, NULL, '1', NULL, NULL, 0),
(31, 12, 5, NULL, 'Gas Detector and Shut Off Device for LPG', 'checkbox', '', 'yes_no', NULL, NULL, NULL, NULL, '1', NULL, NULL, 0),
(32, 12, 5, NULL, 'LPG System provided with Approved Plans, (if 300 kgs./300 GWC)', 'checkbox', '', 'yes_no', NULL, NULL, NULL, NULL, '1', NULL, NULL, 0),
(33, 12, 5, NULL, 'Installation Clearance', 'checkbox', '', 'yes_no', NULL, NULL, NULL, NULL, '1', NULL, NULL, 0),
(34, 12, 5, NULL, 'Date Issued', 'date', '', 'days', NULL, NULL, NULL, NULL, NULL, '1230', NULL, 0),
(35, 12, 5, NULL, 'Control No', 'textarea', '', 'textvalue', NULL, NULL, NULL, NULL, NULL, NULL, '', 0),
(36, 12, 5, NULL, 'Stored in sealed metal containers', 'checkbox', '', 'yes_no', NULL, NULL, NULL, NULL, '1', NULL, NULL, 0),
(37, 12, 5, NULL, 'Provided with “NO SMOKING” sign', 'checkbox', '', 'yes_no', NULL, NULL, NULL, NULL, '1', NULL, NULL, 0),
(38, 12, 7, NULL, 'Fire Extinguisher -  Minimal sizes of fire extinguishers for the listed grades of hazards shall be provided on the basis of table 7 & 8 of RIRR of RA 9514.', 'checkbox', '', 'yes_no', NULL, NULL, NULL, NULL, '1', NULL, NULL, 0),
(39, 12, 7, NULL, 'Minimum number of Extinguisher - The minimum number of extinguishers shall be sufficient to meet therequirements of table 7 & 8 of RIRR of RA 9514.', 'checkbox', '', 'yes_no', NULL, NULL, NULL, NULL, '1', NULL, NULL, 0),
(40, 12, 7, NULL, 'Location - All extinguishers are in their proper location.', 'checkbox', '', 'yes_no', NULL, NULL, NULL, NULL, '1', NULL, NULL, 0),
(41, 12, 7, NULL, 'Seals & Tags - Extinguisher seals and tags are intact and extinguisher was servicedin the last 12 months.', 'checkbox', '', 'yes_no', NULL, NULL, NULL, NULL, '1', NULL, NULL, 0),
(42, 12, 7, NULL, 'Markings - Proper marking on extinguisher to indicate the type of fire the extinguisher can be used on.', 'checkbox', '', 'yes_no', NULL, NULL, NULL, NULL, '1', NULL, NULL, 0),
(43, 12, 7, NULL, 'Condition - No leaks, corrosion or other defects noticed.', 'checkbox', '', 'yes_no', NULL, NULL, NULL, NULL, '1', NULL, NULL, 0),
(44, 12, 7, NULL, 'Pressure -Pressure gauge arrow pointing in the “green” area', 'checkbox', '', 'yes_no', NULL, NULL, NULL, NULL, '1', NULL, NULL, 0),
(45, 12, 7, NULL, 'Fire Extinguisher Type', 'select', '', 'select', NULL, NULL, NULL, NULL, NULL, NULL, NULL, 0),
(46, 12, 7, NULL, 'Quantity', 'number', 'pcs', 'range', '1', '10', NULL, NULL, NULL, NULL, NULL, 0),
(47, 12, 7, NULL, 'Capacity', 'text', '', 'textvalue', NULL, NULL, NULL, NULL, NULL, NULL, '', 0),
(48, 12, 8, NULL, 'Provided', 'checkbox', '', 'yes_no', NULL, NULL, NULL, NULL, '1', NULL, NULL, 0),
(49, 12, 8, NULL, 'Functional', 'checkbox', '', 'yes_no', NULL, NULL, NULL, NULL, '1', NULL, NULL, 0),
(50, 12, 9, NULL, 'Provided', 'checkbox', '', 'yes_no', NULL, NULL, NULL, NULL, '1', NULL, NULL, 0),
(51, 12, 9, NULL, 'Type of Alarm [Manual]', 'checkbox', '', 'yes_no', NULL, NULL, NULL, NULL, '1', NULL, NULL, 0),
(52, 12, 9, NULL, 'Type of Alarm [Automatic]', 'checkbox', '', 'yes_no', NULL, NULL, NULL, NULL, '1', NULL, NULL, 0),
(53, 12, 9, NULL, 'Functional', 'checkbox', '', 'yes_no', NULL, NULL, NULL, NULL, '1', NULL, NULL, 0),
(54, 12, 9, NULL, 'Integrated', 'checkbox', '', 'yes_no', NULL, NULL, NULL, NULL, '1', NULL, NULL, 0),
(55, 12, 9, NULL, 'Units per floor', 'number', '', 'range', '1', '3', NULL, NULL, NULL, NULL, NULL, 1),
(56, 12, 9, NULL, 'Adequate', 'checkbox', '', 'yes_no', NULL, NULL, NULL, NULL, '1', NULL, NULL, 0),
(57, 2, 10, NULL, 'Change from last inspection', 'checkbox', '', 'yes_no', NULL, NULL, NULL, NULL, '1', NULL, NULL, 0),
(58, 2, 10, NULL, 'No 	Occupant Load', 'number', '', 'range', '10', '200', NULL, NULL, NULL, NULL, NULL, 0),
(59, 2, 10, NULL, 'Egress Capacity', 'number', 'm', 'range', '0.1', '3.5', NULL, NULL, NULL, NULL, NULL, 1),
(60, 2, 11, NULL, 'Capacity of Horizontal Exit (Corridor Hallway', 'number', 'm', 'range', '0.1', '4', NULL, NULL, NULL, NULL, NULL, 1),
(61, 2, 11, NULL, 'Capacity of Exit Stair', 'number', 'm', 'range', '1', '4', NULL, NULL, NULL, NULL, NULL, 0),
(62, 2, 11, NULL, 'No. of Exits', 'number', '', 'min_val', NULL, NULL, '2', NULL, NULL, NULL, NULL, 0),
(63, 2, 11, NULL, 'Exits Accessible', 'checkbox', '', 'yes_no', NULL, NULL, NULL, NULL, '1', NULL, NULL, 0),
(64, 2, 11, NULL, 'Discharge of Exits', 'select', '', 'select', NULL, NULL, NULL, NULL, NULL, NULL, NULL, 0),
(65, 2, 11, NULL, 'Any Enclosure provided', 'checkbox', '', 'yes_no', NULL, NULL, NULL, NULL, '1', NULL, NULL, 0),
(66, 2, 11, NULL, 'Exits Accessible', 'checkbox', '', 'yes_no', NULL, NULL, NULL, NULL, '1', NULL, NULL, 0),
(67, 2, 11, NULL, 'Self-Closing Mechanism', 'checkbox', '', 'yes_no', NULL, NULL, NULL, NULL, '1', NULL, NULL, 0),
(68, 2, 11, NULL, 'Panic Hardware', 'checkbox', '', 'yes_no', NULL, NULL, NULL, NULL, '1', NULL, NULL, 0),
(69, 2, 12, NULL, 'Readily accessible', 'checkbox', '', 'yes_no', NULL, NULL, NULL, NULL, '1', NULL, NULL, 0),
(70, 2, 12, NULL, 'Travel distance within limits', 'checkbox', '', 'yes_no', NULL, NULL, NULL, NULL, '1', NULL, NULL, 0),
(71, 2, 12, NULL, 'Adequate illumination', 'checkbox', '', 'yes_no', NULL, NULL, NULL, NULL, '1', NULL, NULL, 0),
(72, 2, 12, NULL, 'Panic hardware operational', 'checkbox', '', 'yes_no', NULL, NULL, NULL, NULL, '1', NULL, NULL, 0),
(73, 2, 12, NULL, 'Doors open easily', 'checkbox', '', 'yes_no', NULL, NULL, NULL, NULL, '1', NULL, NULL, 0),
(74, 2, 12, NULL, 'Bldg w/Mezzanine', 'checkbox', '', 'yes_no', NULL, NULL, NULL, NULL, '1', NULL, NULL, 0),
(75, 2, 12, NULL, 'Obstructed', 'checkbox', '', 'yes_no', NULL, NULL, NULL, NULL, '1', NULL, NULL, 0),
(76, 2, 12, NULL, 'Dead-ends within limits', 'checkbox', '', 'yes_no', NULL, NULL, NULL, NULL, '1', NULL, NULL, 0),
(77, 2, 12, NULL, 'Proper rating of illumination', 'checkbox', '', 'yes_no', NULL, NULL, NULL, NULL, '1', NULL, NULL, 0),
(78, 2, 12, NULL, 'Door swing in the direction of exit', 'checkbox', '', 'yes_no', NULL, NULL, NULL, NULL, '1', NULL, NULL, 0),
(79, 2, 12, NULL, 'Self-closure operational', 'checkbox', '', 'yes_no', NULL, NULL, NULL, NULL, '1', NULL, NULL, 0),
(80, 2, 12, NULL, 'Mezzanine with proper exits', 'checkbox', '', 'yes_no', NULL, NULL, NULL, NULL, '1', NULL, NULL, 0),
(81, 2, 13, NULL, 'Width', 'number', 'm', 'range', '1', '3.5', NULL, NULL, NULL, NULL, NULL, 0),
(82, 2, 13, NULL, 'Are there railings provided', 'checkbox', '', 'yes_no', NULL, NULL, NULL, NULL, '1', NULL, NULL, 0),
(83, 2, 13, NULL, 'Any enclosure provided', 'checkbox', '', 'yes_no', NULL, NULL, NULL, NULL, '1', NULL, NULL, 0),
(84, 2, 13, NULL, 'Door equipped w/ Self-closing device', 'checkbox', '', 'yes_no', NULL, NULL, NULL, NULL, '1', NULL, NULL, 0),
(85, 2, 13, NULL, 'Door proper rating', 'checkbox', '', 'yes_no', NULL, NULL, NULL, NULL, '1', NULL, NULL, 0),
(86, 2, 13, NULL, 'Door provided w/ vision panel', 'checkbox', '', 'yes_no', NULL, NULL, NULL, NULL, '1', NULL, NULL, 0),
(87, 2, 13, NULL, 'Door swing in the direction of exit travel (when required)', 'checkbox', '', 'yes_no', NULL, NULL, NULL, NULL, '1', NULL, NULL, 0),
(88, 2, 14, NULL, 'Secondary Stair / Fire Escape : Number', 'number', '', 'range', '1', '4', NULL, NULL, NULL, NULL, NULL, 0),
(89, 2, 14, NULL, 'Secondary Stair / Fire Escape: Width', 'number', 'm', 'range', '0.7', '3', NULL, NULL, NULL, NULL, NULL, 0),
(90, 2, 14, NULL, 'Are there railings provided', 'checkbox', '', 'yes_no', NULL, NULL, NULL, NULL, '1', NULL, NULL, 0),
(91, 2, 14, NULL, 'Location', 'select', '', 'select', NULL, NULL, NULL, NULL, NULL, NULL, NULL, 0),
(92, 2, 14, NULL, 'Exits accessible', 'checkbox', '', 'yes_no', NULL, NULL, NULL, NULL, '1', NULL, NULL, 0),
(93, 2, 14, NULL, 'Any obstruction', 'checkbox', '', 'yes_no', NULL, NULL, NULL, NULL, '1', NULL, NULL, 0),
(94, 2, 14, NULL, 'Any enclosure provided', 'checkbox', '', 'yes_no', NULL, NULL, NULL, NULL, '1', NULL, NULL, 0),
(95, 4, 15, NULL, 'Occupant Load', 'number', '', 'range', '20', '200', NULL, NULL, NULL, NULL, NULL, 0),
(96, 4, 15, NULL, 'Capacity of Horizontal Exit (Corridor Hallway):', 'number', 'm', 'range', '1', '3', NULL, NULL, NULL, NULL, NULL, 0),
(97, 4, 15, NULL, 'Capacity of Exit Stair', 'number', 'm', 'range', '1', '4', NULL, NULL, NULL, NULL, NULL, 0),
(98, 4, 15, NULL, 'Any Enclosure provided', 'checkbox', '', 'yes_no', NULL, NULL, NULL, NULL, '1', NULL, NULL, 0),
(99, 4, 15, NULL, 'Exits Accessible', 'checkbox', '', 'yes_no', NULL, NULL, NULL, NULL, '1', NULL, NULL, 0),
(100, 4, 15, NULL, 'Discharge of Exits', 'select', '', 'select', NULL, NULL, NULL, NULL, NULL, NULL, NULL, 0),
(101, 4, 15, NULL, 'Fire Doors Provided', 'checkbox', '', 'yes_no', NULL, NULL, NULL, NULL, '1', NULL, NULL, 0),
(102, 4, 15, NULL, 'Self-Closing Mechanism', 'checkbox', '', 'yes_no', NULL, NULL, NULL, NULL, '1', NULL, NULL, 0),
(103, 4, 16, NULL, 'Readily accessible', 'checkbox', '', 'yes_no', NULL, NULL, NULL, NULL, '1', NULL, NULL, 0),
(104, 4, 16, NULL, 'Travel distance within limits', 'checkbox', '', 'yes_no', NULL, NULL, NULL, NULL, '1', NULL, NULL, 0),
(105, 4, 16, NULL, 'Adequate illumination', 'checkbox', '', 'yes_no', NULL, NULL, NULL, NULL, '1', NULL, NULL, 0),
(106, 4, 16, NULL, 'Panic hardware operational', 'checkbox', '', 'yes_no', NULL, NULL, NULL, NULL, '1', NULL, NULL, 0),
(107, 4, 16, NULL, 'Doors open easily', 'checkbox', '', 'yes_no', NULL, NULL, NULL, NULL, '1', NULL, NULL, 0),
(108, 4, 16, NULL, 'Bldg w/Mezzanine', 'checkbox', '', 'yes_no', NULL, NULL, NULL, NULL, '1', NULL, NULL, 0),
(109, 4, 16, NULL, 'Corridors & aisles of sufficient size', 'checkbox', '', 'yes_no', NULL, NULL, NULL, NULL, '1', NULL, NULL, 0),
(110, 4, 16, NULL, 'Classroom', 'select', '', 'select', NULL, NULL, NULL, NULL, NULL, NULL, NULL, 0),
(111, 4, 16, NULL, 'No. of Doors', 'number', '', 'range', '1', '10', NULL, NULL, NULL, NULL, NULL, 1),
(112, 4, 16, NULL, 'Width of Doors', 'number', 'm', 'range', '1', '3', NULL, NULL, NULL, NULL, NULL, 0),
(113, 4, 16, NULL, 'Window opening provide', 'checkbox', '', 'yes_no', NULL, NULL, NULL, NULL, '1', NULL, NULL, 0),
(114, 4, 16, NULL, 'Window opening width', 'number', 'm', 'range', '0.60', '2.0', NULL, NULL, NULL, NULL, NULL, 0),
(115, 4, 16, NULL, 'Window opening height', 'number', 'm', 'range', '0.60', '1.50', NULL, NULL, NULL, NULL, NULL, 0),
(116, 4, 17, NULL, 'Main stairway: Width', 'number', 'm', 'range', '0.80', '3', NULL, NULL, NULL, NULL, NULL, 0),
(117, 4, 17, NULL, 'Are there railings provided', 'checkbox', '', 'yes_no', NULL, NULL, NULL, NULL, '1', NULL, NULL, 0),
(118, 4, 17, NULL, 'Any enclosure provided', 'checkbox', '', 'yes_no', NULL, NULL, NULL, NULL, '1', NULL, NULL, 0),
(119, 4, 17, NULL, 'Door equipped w/ Self-closing device', 'checkbox', '', 'yes_no', NULL, NULL, NULL, NULL, '1', NULL, NULL, 0),
(120, 4, 17, NULL, 'Door proper rating', 'checkbox', '', 'yes_no', NULL, NULL, NULL, NULL, '1', NULL, NULL, 0),
(121, 4, 17, NULL, 'Door proper rating', 'checkbox', '', 'yes_no', NULL, NULL, NULL, NULL, '1', NULL, NULL, 0),
(122, 4, 18, NULL, 'Secondary Stair/Fire Escape: Number', 'number', '', 'range', '1', '4', NULL, NULL, NULL, NULL, NULL, 1),
(123, 4, 18, NULL, 'Secondary Stair/Fire Escape: Width', 'number', 'm', 'range', '0.90', '3', NULL, NULL, NULL, NULL, NULL, 0),
(124, 4, 18, NULL, 'Location:', 'select', '', 'select', NULL, NULL, NULL, NULL, NULL, NULL, NULL, 0),
(125, 4, 18, NULL, 'Are there railings provided', 'checkbox', '', 'yes_no', NULL, NULL, NULL, NULL, '1', NULL, NULL, 0),
(126, 4, 18, NULL, 'Any obstruction', 'checkbox', '', 'yes_no', NULL, NULL, NULL, NULL, '1', NULL, NULL, 0),
(127, 4, 18, NULL, 'Exits accessible', 'checkbox', '', 'yes_no', NULL, NULL, NULL, NULL, '1', NULL, NULL, 0),
(128, 4, 18, NULL, 'Any enclosure provided', 'checkbox', '', 'yes_no', NULL, NULL, NULL, NULL, '1', NULL, NULL, 0),
(129, 4, 18, NULL, 'Any opening', 'checkbox', '', 'yes_no', NULL, NULL, NULL, NULL, '1', NULL, NULL, 0),
(130, 4, 18, NULL, 'Opening protected', 'checkbox', '', 'yes_no', NULL, NULL, NULL, NULL, '1', NULL, NULL, 0),
(131, 4, 18, NULL, 'Are fire door provided', 'checkbox', '', 'yes_no', NULL, NULL, NULL, NULL, '1', NULL, NULL, 0),
(132, 4, 18, NULL, 'Fire Door Width', 'number', 'm', 'range', '0.9', '3', NULL, NULL, NULL, NULL, NULL, 1),
(133, 4, 18, NULL, 'Doors open easily', 'checkbox', '', 'yes_no', NULL, NULL, NULL, NULL, '1', NULL, NULL, 0),
(134, 4, 18, NULL, 'Door swing in the direction of exit travel', 'checkbox', '', 'yes_no', NULL, NULL, NULL, NULL, '1', NULL, NULL, 0),
(135, 4, 18, NULL, 'Enclosure properly protected', 'checkbox', '', 'yes_no', NULL, NULL, NULL, NULL, '1', NULL, NULL, 0),
(136, 4, 19, NULL, 'Width of door', 'number', '', 'range', '0.9', '2', NULL, NULL, NULL, NULL, NULL, 1),
(137, 4, 19, NULL, 'With vision panel', 'checkbox', '', 'yes_no', NULL, NULL, NULL, NULL, '1', NULL, NULL, 0),
(138, 4, 19, NULL, 'Door swing in the direction of egress travel', 'checkbox', '', 'yes_no', NULL, NULL, NULL, NULL, '1', NULL, NULL, 0),
(139, 4, 19, NULL, 'With Self-closing device', 'checkbox', '', 'yes_no', NULL, NULL, NULL, NULL, '1', NULL, NULL, 0),
(140, 4, 19, NULL, 'Width of corridors or hall ways', 'number', 'm', 'range', '0.9', '2.2', NULL, NULL, NULL, NULL, NULL, 1),
(141, 4, 19, NULL, 'Corridor walls extended from slab to slab', 'checkbox', '', 'yes_no', NULL, NULL, NULL, NULL, '1', NULL, NULL, 0),
(142, 4, 19, NULL, 'Properly illuminated', 'checkbox', '', 'yes_no', NULL, NULL, NULL, NULL, '1', NULL, NULL, 0),
(143, 4, 19, NULL, 'Exit readily visible', 'checkbox', '', 'yes_no', NULL, NULL, NULL, NULL, '1', NULL, NULL, 0),
(144, 4, 19, NULL, 'Clear and unobstructed', 'checkbox', '', 'yes_no', NULL, NULL, NULL, NULL, '1', NULL, NULL, 0),
(145, 4, 19, NULL, 'Properly marked w/ illuminated exit sign', 'checkbox', '', 'yes_no', NULL, NULL, NULL, NULL, '1', NULL, NULL, 0),
(146, 4, 19, NULL, 'With illuminated directional sign', 'checkbox', '', 'yes_no', NULL, NULL, NULL, NULL, '1', NULL, NULL, 0),
(147, 4, 19, NULL, 'Properly located', 'checkbox', '', 'yes_no', NULL, NULL, NULL, NULL, '1', NULL, NULL, 0),
(148, 4, 20, NULL, 'Ramps Provided', 'checkbox', '', 'yes_no', NULL, NULL, NULL, NULL, '1', NULL, NULL, 0),
(149, 4, 20, NULL, 'Ramps Type', 'select', '', 'select', NULL, NULL, NULL, NULL, NULL, NULL, NULL, 0),
(150, 4, 20, NULL, 'Railings provided', 'checkbox', '', 'yes_no', NULL, NULL, NULL, NULL, '1', NULL, NULL, 0),
(151, 4, 20, NULL, 'Railing height', 'number', 'm', 'range', '0.91', '1', NULL, NULL, NULL, NULL, NULL, 0),
(152, 4, 20, NULL, 're fire doors provided', 'checkbox', '', 'yes_no', NULL, NULL, NULL, NULL, '1', NULL, NULL, 0),
(153, 4, 20, NULL, 'Door equipped w/ Self-closing device', 'checkbox', '', 'yes_no', NULL, NULL, NULL, NULL, '1', NULL, NULL, 0),
(154, 4, 20, NULL, 'Door provided w/ vision panel', 'checkbox', '', 'yes_no', NULL, NULL, NULL, NULL, '1', NULL, NULL, 0),
(155, 14, 21, NULL, 'Occupant Load', 'number', '', 'range', '1', '300', NULL, NULL, NULL, NULL, NULL, 0),
(156, 14, 21, NULL, 'Egress Capacity', 'number', 'm', 'range', '1', '3', NULL, NULL, NULL, NULL, NULL, 0),
(157, 2, 23, NULL, 'Width of doors', 'number', '', 'range', '0.9', '3', NULL, NULL, NULL, NULL, NULL, 0),
(158, 2, 23, NULL, 'Construction', 'text', 'm', 'textvalue', NULL, NULL, NULL, NULL, NULL, NULL, '', 0),
(159, 2, 23, NULL, 'Vision panel', 'checkbox', '', 'yes_no', NULL, NULL, NULL, NULL, '0', NULL, NULL, 0),
(160, 2, 23, NULL, 'Door swing in the direction of egress travel', 'checkbox', '', 'yes_no', NULL, NULL, NULL, NULL, '1', NULL, NULL, 0),
(161, 2, 23, NULL, 'Self-closing device', 'checkbox', '', 'yes_no', NULL, NULL, NULL, NULL, '1', NULL, NULL, 0),
(162, 2, 23, NULL, 'Width of corridors or hall ways', 'number', 'm', 'range', '0.8', '3', NULL, NULL, NULL, NULL, NULL, 0),
(163, 2, 23, NULL, 'Construction', 'text', '', 'textvalue', NULL, NULL, NULL, NULL, NULL, NULL, 'Concrete w/ steel studs', 0),
(164, 2, 23, NULL, 'Corridor walls extended from slab to slab', 'checkbox', '', 'yes_no', NULL, NULL, NULL, NULL, '1', NULL, NULL, 0),
(165, 2, 23, NULL, 'Properly illuminated', 'checkbox', '', 'yes_no', NULL, NULL, NULL, NULL, '1', NULL, NULL, 0),
(166, 2, 23, NULL, 'Exit readily visible', 'checkbox', '', 'yes_no', NULL, NULL, NULL, NULL, '1', NULL, NULL, 0),
(167, 2, 23, NULL, 'Clear and unobstructed', 'checkbox', '', 'yes_no', NULL, NULL, NULL, NULL, '1', NULL, NULL, 0),
(168, 2, 23, NULL, 'Properly marked w/ illuminated exit sign', 'checkbox', '', 'yes_no', NULL, NULL, NULL, NULL, '1', NULL, NULL, 0),
(169, 2, 23, NULL, 'With illuminated directional sign', 'checkbox', '', 'yes_no', NULL, NULL, NULL, NULL, '1', NULL, NULL, 0),
(170, 2, 23, NULL, 'Properly located', 'checkbox', '', 'yes_no', NULL, NULL, NULL, NULL, '1', NULL, NULL, 0),
(171, 2, 24, NULL, 'Provided', 'checkbox', '', 'yes_no', NULL, NULL, NULL, NULL, '1', NULL, NULL, 0),
(172, 2, 24, NULL, 'Type', 'select', '', 'select', NULL, NULL, NULL, NULL, NULL, NULL, NULL, 0),
(173, 2, 24, NULL, 'Exterior Width', 'number', 'm', 'range', '0.9', '3', NULL, NULL, NULL, NULL, NULL, 0),
(174, 2, 24, NULL, 'Railings provided', 'checkbox', '', 'yes_no', NULL, NULL, NULL, NULL, '1', NULL, NULL, 0),
(175, 2, 24, NULL, 'Height from the floor', 'number', 'cm', 'min_val', NULL, NULL, '91', NULL, NULL, NULL, NULL, 0),
(176, 2, 24, NULL, 'Any enclosure provided', 'textarea', '', 'textvalue', NULL, NULL, NULL, NULL, NULL, NULL, '', 0),
(177, 2, 24, NULL, 'Construction', 'text', '', 'textvalue', NULL, NULL, NULL, NULL, NULL, NULL, '2-hr fire rated', 0),
(178, 13, 22, NULL, 'Kind of Flammable', 'text', '', 'textvalue', NULL, NULL, NULL, NULL, NULL, NULL, '', 0),
(179, 13, 22, NULL, 'Capacity', 'text', '', 'textvalue', NULL, NULL, NULL, NULL, NULL, NULL, '', 0),
(180, 13, 22, NULL, 'Depth of Land Fill', 'textarea', '', 'textvalue', NULL, NULL, NULL, NULL, NULL, NULL, '', 0),
(181, 13, 22, NULL, 'Distance Between Tanks', 'text', '', 'textvalue', NULL, NULL, NULL, NULL, NULL, NULL, '', 0);


INSERT INTO `checklist_item_select_options` (`option_id`, `item_id`, `option_value`, `option_label`, `sort_order`) VALUES
(10, 15, 'Hazard Classification', 'Low', 0),
(11, 15, 'Hazard Classification', 'Ordinary', 0),
(12, 15, 'Hazard Classification', 'High', 0),
(13, 45, 'Type', 'Water / APW', 0),
(14, 45, 'Type', 'Dry Chemical (DCP/ABC)', 0),
(15, 45, 'Type', 'CO₂', 0),
(16, 45, 'Type', 'Foam (AFFF)', 0),
(17, 45, 'Type', 'Wet Chemical (K Class)', 0),
(18, 45, 'Type', 'Halotron', 0),
(19, 45, 'Type', 'Dry Powder (Class D)', 0),
(20, 64, 'Discharge of Exits', 'Street', 0),
(21, 64, 'Discharge of Exits', 'Sidewalk', 0),
(22, 64, 'Discharge of Exits', 'Open Space', 0),
(23, 91, 'Location', 'Interior', 0),
(24, 91, 'Location', 'Exterior', 0),
(25, 100, 'Discharge of Exits', 'Street', 0),
(26, 100, 'Discharge of Exits', 'Exterior', 0),
(27, 100, 'Discharge of Exits', 'Open Space', 0),
(28, 110, 'Classroom', 'Less than 50 students', 0),
(29, 110, 'Classroom', 'More than 50 students', 0),
(31, 124, 'Location', 'Interior', 0),
(32, 149, 'Ramps Type', 'Interior', 0),
(33, 149, 'Ramps Type', 'Exterior Width', 0),
(34, 27, 'Hazard Content', 'Flammable liquids', 0),
(35, 27, 'Hazard Content', 'Combustible liquids', 0),
(36, 27, 'Hazard Content', 'Gases', 0),
(37, 27, 'Hazard Content', 'Oxidizers', 0),
(38, 29, 'Location', 'Storage Room', 0),
(39, 29, 'Location', 'Basement', 0),
(40, 29, 'Location', 'Kitchen Area', 0),
(41, 172, 'Type', 'Interior', 0),
(42, 172, 'Type', 'Exterior', 0);


INSERT INTO `checklist_sections` (`checklist_section_id`, `section`, `checklist_id`, `date_added`) VALUES
(1, 'EXIT ACCESS', 12, '2025-10-11 06:13:56'),
(2, 'EXITS', 12, '2025-10-11 07:06:53'),
(3, 'SIGNS, LIGHTING, AND EXIT SIGNAGE - MARKING OF MEANS OF EGRESS (EXIT)', 12, '2025-10-11 08:09:15'),
(4, 'HAZARD', 12, '2025-10-17 07:34:16'),
(5, 'OTHER FLAMMABLE LIQUIDS (I.E. ALCOHOL, ETHER, ETC…)', 12, '2025-10-17 14:35:58'),
(7, 'First Aid Fire Protection (Fire Extinguishers)', 12, '2025-11-25 22:39:53'),
(8, 'Emergency Lighting Systems ', 12, '2025-11-25 22:54:14'),
(9, 'Fire Detection and Alarm', 12, '2025-11-25 22:54:53'),
(10, 'CLASSIFICATION', 2, '2025-11-25 23:01:11'),
(11, 'EXIT DETAILS', 2, '2025-11-26 00:43:21'),
(12, 'MEANS OF EGRESS', 2, '2025-11-26 00:56:46'),
(13, 'Vertical Exits - Main Stairway', 2, '2025-11-26 01:01:48'),
(14, 'Vertical Exits - Secondary Stair/Fire Escape', 2, '2025-11-26 04:33:52'),
(15, 'Classification', 4, '2025-11-26 04:57:22'),
(16, 'MEANS OF EGRESS', 4, '2025-11-26 05:10:43'),
(17, 'Vertical Exits - Main Stairway', 4, '2025-11-26 05:19:47'),
(18, 'Vertical Exits - Secondary Stair/Fire Escape', 4, '2025-11-26 05:22:10'),
(19, 'Horizontal Exits', 4, '2025-11-26 05:34:57'),
(20, 'Ramps', 4, '2025-11-26 05:40:09'),
(21, 'CLASSIFICATION\r\n', 14, '2025-11-26 06:52:43'),
(22, 'UNDERGROUND TANKS', 13, '2025-11-26 07:25:44'),
(23, ' HORIZONTAL EXITS', 2, '2025-11-26 11:39:18'),
(24, 'RAMPS', 2, '2025-11-26 12:16:55');

INSERT INTO `general_info` (`gen_info_id`, `gen_info_control_no`, `form_code`, `building_name`, `location_of_construction`, `postal_address`, `loc_id`, `project_title`, `height_of_building`, `no_of_storeys`, `area_per_floor`, `total_floor_area`, `portion_occupied`, `bed_capacity`, `owner_id`, `owner_name`, `occupant_name`, `representative_name`, `administrator_name`, `owner_contact_no`, `representative_contact_no`, `telephone_email`, `business_name`, `establishment_name`, `nature_of_business`, `classification_of_occupancy`, `healthcare_facility_name`, `healthcare_facility_type`, `building_permit_no`, `building_permit_date`, `occupancy_permit_no`, `occupancy_permit_date`, `mayors_permit_no`, `mayors_permit_date`, `municipal_license_no`, `municipal_license_date`, `electrical_cert_no`, `electrical_cert_date`, `fsic_control_no`, `fsic_date`, `fsic_fire_code_fee`, `fire_drill_cert_no`, `fire_drill_cert_date`, `fire_drill_fee`, `ntcv_control_no`, `ntcv_date`, `insurance_company`, `insurance_coinsurer`, `insurance_policy_no`, `insurance_date`, `policy_date`, `fire_code_fee`, `building_plan_checklist_no`, `other_info`, `region`, `district_office`, `station`, `station_address`, `date_received`, `date_released`, `gen_info_status`, `created_at`, `created_by`, `updated_at`) VALUES
(12, NULL, 12, 'Cafe Locran', 'Café Locran by Lovecakes, Ragos Street, Oas, Albay, Philippines', NULL, 30, NULL, 0.00, 0, 0.00, 0.00, '', 0, 13, 'Cafe Locran', 'Cafe Locran', 'Cafe Locran', 'Cafe Locran', '09091234567', '09091234567', NULL, 'Cafe Locran', 'Cafe Locran', 'Coffee Shop', NULL, '', '', '', NULL, '', NULL, '', NULL, '', NULL, '', NULL, NULL, NULL, NULL, NULL, NULL, NULL, '', NULL, '', '', '', NULL, NULL, NULL, NULL, NULL, 'V', '3D', 'Oas', 'Oas, Albay', NULL, NULL, 'Completed', '2025-09-30 10:15:04', NULL, '2025-11-25 01:42:29'),
(13, NULL, 14, 'Coca Cola Company', 'Oas Albay', NULL, NULL, NULL, 0.00, 0, 0.00, 0.00, '', 0, 9, 'Coca Cola Owner', 'La Coca', 'La Coca', 'La Coca', '09091234567', '09091234567', 'coca@fsic.gov', 'Coca Cola Company', 'Coca Cola Company', 'Cola', NULL, '', '', '', NULL, '', NULL, '', NULL, '', NULL, '', NULL, NULL, NULL, NULL, NULL, NULL, NULL, '', NULL, '', '', '', NULL, NULL, NULL, NULL, NULL, 'V', 'Albay', 'Oas', 'Centro, Oas, Albay', NULL, NULL, 'Completed', '2025-09-30 10:19:19', NULL, '2025-11-25 01:42:29'),
(14, NULL, 2, 'OPS', 'Oas Polytechnic School, 1, Oas, Albay, Philippines', NULL, 28, NULL, 0.00, 0, 0.00, 0.00, '', 0, 12, 'Oas Poly', 'Students', 'None', 'None', 'None', 'None', 'ops@g.c', 'None', 'None', 'Educational Facility', NULL, '', '', '', NULL, '', NULL, '', NULL, '', NULL, '', NULL, NULL, NULL, NULL, NULL, NULL, NULL, '', NULL, '', '', '', NULL, NULL, NULL, NULL, NULL, 'V', 'Oas', 'Oas Fire Station', 'Oas, Albay', NULL, NULL, 'Completed', '2025-10-04 02:12:06', NULL, '2025-11-25 01:42:29'),
(15, NULL, 2, 'Oas Community College', 'Oas Community College, 1, Oas, Albay, Philippines', NULL, 32, NULL, 0.00, 0, 0.00, 0.00, '', 0, 11, 'Oas Com', 'Students', 'Principal', 'None', '09091234567', 'none', 'oas@coo.com', 'Oas Community College', 'Oas Community College', 'School Ground', NULL, '', '', '', NULL, '', NULL, '', NULL, '', NULL, '', NULL, NULL, NULL, NULL, NULL, NULL, NULL, '', NULL, '', '', '', NULL, NULL, NULL, NULL, NULL, 'V', '3rd District', 'Oas Fire Station', 'Oas, Albay', NULL, NULL, 'Completed', '2025-10-06 14:20:18', NULL, '2025-11-25 01:42:29'),
(21, NULL, 12, 'Gabbis', 'Gabbi\'s Bistro - Oas Albay, Oas, Albay, Philippines', NULL, 38, NULL, 0.00, 0, 0.00, 0.00, '', 0, 20, 'Gabbi Bistro', 'Gabbi', 'Gabbi', 'Gabbi', '090912345678', '090912345678', 'test@email.com', 'Gabbi\'s Bistro', 'Gabbi\'s Bistro', 'Restaurant', NULL, '', '', '', NULL, '', NULL, '', NULL, '', NULL, '', NULL, NULL, NULL, NULL, NULL, NULL, NULL, '', NULL, '', '', '', NULL, NULL, NULL, NULL, NULL, 'V', 'Albay', 'Oas', 'Ilaor Sur', NULL, NULL, 'Completed', '2025-10-28 11:26:43', NULL, '2025-11-25 01:42:29'),
(78, NULL, 12, 'Pande', '7G42+F82, J. Rayala St, Oas, Albay, Philippines', 'J. Rayala St., OAS, ALBAY, 4504', 43, NULL, 200.00, 1, 200.00, 300.00, 'All Floor', 0, 23, 'Shan@fsic.gov', 'Shan', 'Shan', 'Shan', '09118081677', '09118081677', NULL, 'Shan Pharmaceutical Dealer and Drugstore', 'Shan Pharmaceutical Dealer and Drugstore', 'Pharmacy', NULL, '', '', '', NULL, '', NULL, '', NULL, '', NULL, '', NULL, NULL, NULL, NULL, NULL, NULL, NULL, '', NULL, '', '', '', NULL, NULL, NULL, NULL, NULL, 'V', 'Albay', 'Oas', 'Iraya Oas Albay', NULL, NULL, 'Completed', '2025-11-02 13:07:34', NULL, '2025-11-25 01:42:29'),
(79, 'GI8586640', 12, 'Gabbi\'s Bistro 2', '7F6R+8W3, Provincial Rd, Oas, Albay, Philippines', 'Provicial Road, OAS, ALBAY, 4504', 44, NULL, 5.00, 1, 200.00, 200.00, 'All', 0, 20, 'Gabbi Bistro', 'Gabbi', 'Gabbi', 'Gabbi', '09118081677', '09118081677', NULL, 'Gabbi\'s Bistro 2', 'Gabbi\'s Bistro 2', 'Bistro Cafe', NULL, '', '', '', NULL, '', NULL, '', NULL, '', NULL, '', NULL, NULL, NULL, NULL, NULL, NULL, NULL, '', NULL, '', '', '', NULL, NULL, NULL, NULL, NULL, 'V', 'Albay', 'Oas', 'Iraya Oas Albay', NULL, NULL, 'Completed', '2025-11-02 13:39:17', NULL, '2025-11-25 01:42:29'),
(80, 'GI1392582', 12, 'Paler Realty', 'Nuestra Sra. de Salvacion Funeral Parlor, Oas, Albay, Philippines', ', OAS, ALBAY, 4504', 45, NULL, 300.00, 2, 200.00, 400.00, 'Ground Floor', 2, 22, 'Pande Marino', 'Pande Marino Family', 'Pande Marino Family', 'Pande Marino Family', '09099999999', '09999999999', '', 'Paler Realty', 'Paler Realty', 'Bakery', NULL, '', '', '', NULL, '', NULL, '', NULL, '', NULL, '', NULL, NULL, NULL, NULL, NULL, NULL, NULL, '', NULL, '', '', '', NULL, NULL, NULL, NULL, NULL, 'V', 'Albay', 'Oas', 'Iraya Oas Albay', NULL, NULL, 'Completed', '2025-11-02 13:42:48', NULL, '2025-11-25 01:42:29'),
(83, 'GI8823145', 12, 'Jillian Workshop', 'San Isidro, Oas, Albay, Philippines', ', OAS, ALBAY, 4504', NULL, NULL, 0.00, 0, 0.00, 0.00, '', 0, 24, 'MARIA CAREY', 'Maria Carey', '', '', '9563324560', '', '', 'Maria Workshop', 'Maria Workshop', 'Workshop', NULL, '', '', '', NULL, '', NULL, '', NULL, '', NULL, '', NULL, NULL, NULL, NULL, NULL, NULL, NULL, '', NULL, '', '', '', NULL, NULL, NULL, NULL, NULL, 'REGION V', '3rd District of Albay', 'Oas Fire Station', 'Brgy. Iraya Norte, Oas, Albay', NULL, NULL, 'Completed', '2025-11-22 23:02:02', NULL, '2025-11-25 01:42:29'),
(84, 'GI6731769', 12, 'Jillian Workshop', '4 Brgy. Bongoran, Oas, Albay, Philippines', ', OAS, ALBAY, 4504', 49, NULL, 0.00, 0, 0.00, 0.00, '', 0, 34, 'JILLIAN ELIMANCO', 'Jillian Elimanco', '', '', '09482134596', '', 'jilliangarao@gmail.com', 'Plexi Crochet', 'Plexi Crochet', 'Crochet Workshop', NULL, '', '', '', NULL, '', NULL, '', NULL, '', NULL, '', NULL, NULL, NULL, NULL, NULL, NULL, NULL, '', NULL, '', '', '', NULL, NULL, NULL, NULL, NULL, 'REGION V', '3rd District of Albay', 'Oas Fire Station', 'Brgy. Iraya Norte, Oas, Albay', NULL, NULL, 'Completed', '2025-11-23 02:22:26', NULL, '2025-11-25 01:42:29'),
(85, 'GI5567545', 12, 'Buenaflor Building', '7F5V+RMM, Pres. Osmena Ave, Oas, Albay, Philippines', ', OAS, ALBAY, 4504', 50, NULL, 0.00, 0, 0.00, 0.00, '', 0, 33, 'RICA MAE BUENAFLOR', 'RICA MAE BUENAFLOR', '', '', '09463889321', '', '', 'Sweet and Bites', 'Sweet and Bites', 'Bakery', NULL, '', '', '', NULL, '', NULL, '', NULL, '', NULL, '', NULL, NULL, NULL, NULL, NULL, NULL, NULL, '', NULL, '', '', '', NULL, NULL, NULL, NULL, NULL, 'REGION V', '3rd District of Albay', 'Oas Fire Station', 'Brgy. Iraya Norte, Oas, Albay', NULL, NULL, 'Completed', '2025-11-23 02:30:12', NULL, '2025-11-25 01:42:29'),
(86, 'GI9514837', 12, 'April Building', '7G42+248, River Dike Trail, Oas, Albay, Philippines', ', OAS, ALBAY, 4504', 51, NULL, 0.00, 0, 0.00, 0.00, '', 0, 32, 'APRIL CANOTAL', 'APRIL CANOTAL', '', '', '09296737261', '', '', 'Forv Cakeshop', 'Forv Cakeshop', 'Bakery', NULL, '', '', '', NULL, '', NULL, '', NULL, '', NULL, '', NULL, NULL, NULL, NULL, NULL, NULL, NULL, '', NULL, '', '', '', NULL, NULL, NULL, NULL, NULL, 'REGION V', '3rd District of Albay', 'Oas Fire Station', 'Brgy. Iraya Norte, Oas, Albay', NULL, NULL, 'Completed', '2025-11-23 02:32:59', NULL, '2025-11-25 01:42:29'),
(88, 'GI1341519', 12, 'MASTER IT', '7G39+8V Oas, Albay, Philippines', ', OAS, ALBAY, 4504', 52, NULL, 0.00, 0, 0.00, 0.00, '', 0, 38, 'CRIMALI ACKER', 'CRIMALI ACKER', '', '', '091234567892', '', '', 'MASTER IT', 'MASTER IT', 'IT Services', NULL, '', '', '', NULL, '', NULL, '', NULL, '', NULL, '', NULL, NULL, NULL, NULL, NULL, NULL, NULL, '', NULL, '', '', '', NULL, NULL, NULL, NULL, NULL, 'REGION V', '3rd District of Albay', 'Oas Fire Station', 'Brgy. Iraya Norte, Oas, Albay', NULL, NULL, 'Completed', '2025-11-23 08:36:51', NULL, '2025-11-25 01:42:29'),
(89, 'GI4287163', 0, 'Emma\'s Eatery', 'San Juan, Oas, Albay, Philippines', ', OAS, ALBAY, 4504', 53, NULL, 0.00, 0, 0.00, 0.00, '', 0, 40, 'EMMA MARY', 'EMMA MARY', '', '', '09385672411', '', 'emmamary@gmail.com', 'Emma\'s Eatery', 'Emma\'s Eatery', '', NULL, '', '', '', NULL, '', NULL, '', NULL, '', NULL, '', NULL, NULL, NULL, NULL, NULL, NULL, NULL, '', NULL, '', '', '', NULL, NULL, NULL, NULL, NULL, 'REGION V', '3rd District of Albay', 'Oas Fire Station', 'Brgy. Iraya Norte, Oas, Albay', NULL, NULL, 'Completed', '2025-11-24 18:43:00', NULL, '2025-11-24 18:46:02'),
(90, 'GI5074789', 12, 'Emma\'s Eatery', 'San Juan, Oas, Albay, Philippines', ', OAS, ALBAY, 4504', 53, NULL, 0.00, 0, 0.00, 0.00, '', 0, 40, 'EMMA MARY', 'EMMA MARY', '', '', '09385672411', '', 'emmamary@gmail.com', 'Emma\'s Eatery', 'Emma\'s Eatery', 'Eatery', NULL, '', '', '', NULL, '', NULL, '', NULL, '', NULL, '', NULL, NULL, NULL, NULL, NULL, NULL, NULL, '', NULL, '', '', '', NULL, NULL, NULL, NULL, NULL, 'REGION V', '3rd District of Albay', 'Oas Fire Station', 'Brgy. Iraya Norte, Oas, Albay', NULL, NULL, 'Completed', '2025-11-24 19:03:29', NULL, '2025-11-24 19:04:39'),
(91, 'GI5181704', 12, 'Emma\'s Eatery', 'San Juan, Oas, Albay, Philippines', ', OAS, ALBAY, 4504', NULL, NULL, 0.00, 0, 0.00, 0.00, '', 0, 40, 'EMMA MARY', 'EMMA MARY', '', '', '09385672411', '', 'emmamary@gmail.com', 'Emma\'s Eatery', 'Emma\'s Eatery', 'Eatery', NULL, '', '', '', NULL, '', NULL, '', NULL, '', NULL, '', NULL, NULL, NULL, NULL, NULL, NULL, NULL, '', NULL, '', '', '', NULL, NULL, NULL, NULL, NULL, 'REGION V', '3rd District of Albay', 'Oas Fire Station', 'Brgy. Iraya Norte, Oas, Albay', NULL, NULL, 'Completed', '2025-11-24 19:46:54', NULL, '2025-11-24 19:47:25'),
(92, 'GI4821304', 12, 'Emma\'s Eatery', 'San Juan, Oas, Albay, Philippines', ', OAS, ALBAY, 4504', NULL, NULL, 0.00, 0, 0.00, 0.00, '', 0, 40, 'EMMA MARY', 'EMMA MARY', '', '', '09385672411', '', 'emmamary@gmail.com', 'Emma\'s Eatery', 'Emma\'s Eatery', 'Eatery', NULL, '', '', '', NULL, '', NULL, '', NULL, '', NULL, '', NULL, NULL, NULL, NULL, NULL, NULL, NULL, '', NULL, '', '', '', NULL, NULL, NULL, NULL, NULL, 'REGION V', '3rd District of Albay', 'Oas Fire Station', 'Brgy. Iraya Norte, Oas, Albay', NULL, NULL, 'Completed', '2025-11-24 19:48:51', NULL, '2025-11-24 19:49:08'),
(93, 'GI1819785', 12, 'Supremo Printing Shop', 'Calzada, Oas, Albay, Philippines', ', OAS, ALBAY, 4504', 54, NULL, 0.00, 0, 0.00, 0.00, '', 0, 42, 'SUPREMO BRACKEN', 'SUPREMO BRACKEN', '', '', '09564737344', '', 'supremo@gmail.com', 'Supremo Printing Shop', 'Supremo Printing Shop', 'Printing Business', NULL, '', '', '', NULL, '', NULL, '', NULL, '', NULL, '', NULL, NULL, NULL, NULL, NULL, NULL, NULL, '', NULL, '', '', '', NULL, NULL, NULL, NULL, NULL, 'REGION V', '3rd District of Albay', 'Oas Fire Station', 'Brgy. Iraya Norte, Oas, Albay', NULL, NULL, 'Completed', '2025-11-24 19:50:56', NULL, '2025-11-24 19:51:34'),
(94, 'GI1924978', 12, 'Shyane Printing Shop', 'San Ramon, Oas, Albay, Philippines', ', OAS, ALBAY, 4504', 55, NULL, 0.00, 0, 0.00, 0.00, '', 0, 43, 'SHAYNE RAMOS', 'SHAYNE RAMOS', '', '', '09547473832', '', 'shayne@gmail.com', 'Shyane Printing Shop', 'Shyane Printing Shop', 'Printing Business', NULL, '', '', '', NULL, '', NULL, '', NULL, '', NULL, '', NULL, NULL, NULL, NULL, NULL, NULL, NULL, '', NULL, '', '', '', NULL, NULL, NULL, NULL, NULL, 'REGION V', '3rd District of Albay', 'Oas Fire Station', 'Brgy. Iraya Norte, Oas, Albay', NULL, NULL, 'Completed', '2025-11-25 02:06:27', NULL, '2025-11-25 02:11:23'),
(95, 'GI2521317', 12, 'Christmas Gifts', 'Busac oas Albay zone 4, Oas, Albay, Philippines', 'Purok 4, OAS, ALBAY, 4504', 56, NULL, 0.00, 0, 0.00, 0.00, '', 0, 45, 'MERRY CHRISTMAS', 'MERRY CHRISTMAS', '', '', '09678765432', '', 'meryngaba@gmail.com', 'Christmas Gifts', 'Christmas Gifts', 'Merchandise', NULL, '', '', '', NULL, '', NULL, '', NULL, '', NULL, '', NULL, NULL, NULL, NULL, NULL, NULL, NULL, '', NULL, '', '', '', NULL, NULL, NULL, NULL, NULL, 'REGION V', '3rd District of Albay', 'Oas Fire Station', 'Brgy. Iraya Norte, Oas, Albay', NULL, NULL, 'Completed', '2025-11-25 06:00:38', NULL, '2025-11-25 06:03:29'),
(97, 'GI4037057', 12, '', '', ', OAS, ALBAY, 4504', NULL, NULL, 0.00, 0, 0.00, 0.00, '', 0, 0, '', '', '', '', '', '', '', '', '', '', NULL, '', '', '', NULL, '', NULL, '', NULL, '', NULL, '', NULL, NULL, NULL, NULL, NULL, NULL, NULL, '', NULL, '', '', '', NULL, NULL, NULL, NULL, NULL, 'REGION V', '3rd District of Albay', 'Oas Fire Station', 'Brgy. Iraya Norte, Oas, Albay', NULL, NULL, 'Completed', '2025-11-25 06:35:36', NULL, '2025-11-25 06:37:52'),
(98, 'GI4451382', 12, 'Construction Materials', 'Oas, Roa Street, Oas, Albay, Philippines', ', OAS, ALBAY, 4504', 58, NULL, 0.00, 0, 0.00, 0.00, '', 0, 45, 'MERRY CHRISTMAS', 'MERRY CHRISTMAS', '', '', '09678765432', '', 'meryngaba@gmail.com', 'Construction Materials', 'Construction Materials', 'Hardware', NULL, '', '', '', NULL, '', NULL, '', NULL, '', NULL, '', NULL, NULL, NULL, NULL, NULL, NULL, NULL, '', NULL, '', '', '', NULL, NULL, NULL, NULL, NULL, 'REGION V', '3rd District of Albay', 'Oas Fire Station', 'Brgy. Iraya Norte, Oas, Albay', NULL, NULL, 'Completed', '2025-11-25 06:38:48', NULL, '2025-11-25 06:40:16'),
(100, 'GI3277711', 12, 'Digital Shop', 'San Jose, Oas, Albay, Philippines', ', OAS, ALBAY, 4504', 60, NULL, 0.00, 0, 0.00, 0.00, '', 0, 46, 'PAULINE NUNEZ', 'PAULINE NUNEZ', '', '', '09345627892', '', 'NUNEZ@gmail.com', 'Digital Shop', 'Digital Shop', 'Shopl', NULL, '', '', '', NULL, '', NULL, '', NULL, '', NULL, '', NULL, NULL, NULL, NULL, NULL, NULL, NULL, '', NULL, '', '', '', NULL, NULL, NULL, NULL, NULL, 'REGION V', '3rd District of Albay', 'Oas Fire Station', 'Brgy. Iraya Norte, Oas, Albay', NULL, NULL, 'Completed', '2025-11-26 06:10:47', NULL, '2025-11-26 06:15:45'),
(101, 'GI9595103', NULL, NULL, NULL, NULL, NULL, NULL, 0.00, NULL, NULL, NULL, NULL, NULL, NULL, NULL, NULL, NULL, NULL, NULL, NULL, NULL, NULL, NULL, NULL, NULL, NULL, NULL, NULL, NULL, NULL, NULL, NULL, NULL, NULL, NULL, NULL, NULL, NULL, NULL, NULL, NULL, NULL, NULL, NULL, NULL, NULL, NULL, NULL, NULL, NULL, NULL, NULL, NULL, NULL, NULL, NULL, NULL, NULL, NULL, 'Draft', '2025-11-26 07:59:49', NULL, '2025-11-26 14:59:49');

INSERT INTO `inspections` (`inspection_id`, `fsic_no`, `gen_info_id`, `schedule_id`, `checklist_id`, `inspector_id`, `started_at`, `completed_at`, `status`, `hasRecoApproval`, `dateRecommended`, `recommended_by`, `hasFinalApproval`, `dateApproved`, `approved_by`, `hasBeenReceived`, `dateReceived`, `received_by`, `inspection_score`, `total_items`, `passed_items`, `failed_items`, `not_applicable_items`, `required_items`, `required_passed`, `required_failed`, `compliance_rate`, `cancellation_reason`, `has_Defects`, `defects_details`, `reference_no`, `created_by`, `created_at`, `updated_at`) VALUES
(1, 'R050108-25-0003', 13, 3, 12, 16, '2025-10-25 03:02:20', '2025-10-25 03:03:44', 'Completed', 1, '2025-11-01 07:20:53', 18, 1, '2025-11-01 10:32:59', 15, 0, NULL, NULL, 100, 0, 0, 0, 0, 0, 0, 0, 0, NULL, 0, NULL, NULL, 16, '2025-10-25 01:02:20', '2025-10-29 10:49:37'),
(2, 'R050108-25-0002', 12, 2, 12, 16, '2025-10-26 12:01:10', '2025-10-26 19:36:16', 'Completed', 1, '2025-11-01 01:04:06', 18, 1, '2025-11-01 10:33:02', 15, 0, NULL, NULL, 100, 0, 0, 0, 0, 0, 0, 0, 0, NULL, 0, NULL, NULL, 16, '2025-10-26 11:01:10', '2025-10-29 10:49:37'),
(3, 'R050108-25-0001', 13, 1, 12, 16, '2025-10-26 12:23:44', '2025-10-26 12:23:47', 'Completed', 1, '2025-11-01 07:17:01', 18, 1, '2025-11-01 10:33:04', 15, 0, NULL, NULL, 100, 0, 0, 0, 0, 0, 0, 0, 0, NULL, 0, NULL, NULL, 16, '2025-10-26 11:23:44', '2025-10-29 10:49:37'),
(4, 'R050108-25-0004', 11, 4, 12, 16, '2025-10-27 03:33:30', '2025-10-29 09:32:21', 'Completed', 0, NULL, NULL, 0, NULL, NULL, 0, NULL, NULL, 100, 0, 0, 0, 0, 0, 0, 0, 0, NULL, 0, '[{\"item_id\":17,\"item_text\":\"Chemical Fire Extinguisher\",\"criteria\":\"Must be YES\",\"response_value\":\"NO\"},{\"item_id\":18,\"item_text\":\"Regular Fire Extinguisher\",\"criteria\":\"Must be YES\",\"response_value\":\"NO\"}]', NULL, 16, '2025-10-27 02:33:30', '2025-10-29 10:49:37'),
(5, 'R050108-25-0005', 12, 5, 12, 16, '2025-10-29 09:30:47', '2025-10-29 09:31:51', 'Completed', 1, '2025-11-01 00:46:52', 18, 1, '2025-11-01 10:31:01', 15, 0, NULL, NULL, 100, 0, 0, 0, 0, 0, 0, 0, 0, NULL, 0, NULL, NULL, 16, '2025-10-29 08:30:47', '2025-10-29 10:49:37'),
(6, 'R050108-25-0006', 12, 6, 12, 16, '2025-10-29 12:58:31', '2025-10-29 12:59:56', 'Completed', 0, NULL, NULL, 0, NULL, NULL, 0, NULL, NULL, 7.14, 0, 0, 0, 0, 0, 0, 0, 0, NULL, 1, '[{\"item_id\":7,\"item_text\":\"Corridors \\/ Hallways\",\"criteria\":\"0.9-2\",\"response_value\":\"0\"},{\"item_id\":8,\"item_text\":\"Exit Doors\",\"criteria\":\"Must be Greater than or Eq 12\",\"response_value\":\"0\"},{\"item_id\":9,\"item_text\":\"Horizontal Exits\",\"criteria\":\"0.9-2\",\"response_value\":\"0\"},{\"item_id\":10,\"item_text\":\"Stairs\",\"criteria\":\"0.6-0.915\",\"response_value\":\"0\"},{\"item_id\":11,\"item_text\":\"Minimum Letter Height  - 150 mm; \",\"criteria\":\"Must be Greater than or Eq 150\",\"response_value\":\"0\"},{\"item_id\":12,\"item_text\":\"Width of Stroke - 19mm\",\"criteria\":\"Must be Greater than or Eq 19\",\"response_value\":\"0\"},{\"item_id\":13,\"item_text\":\"Exit Signs are posted along Exit Access, Exits and Exit Discharge\",\"criteria\":\"Must be YES\",\"response_value\":\"NO\"},{\"item_id\":15,\"item_text\":\"Expiration\",\"criteria\":\"Must be More than or equal to 300 days\",\"response_value\":null},{\"item_id\":16,\"item_text\":\"Number of Fire Extinguisher\",\"criteria\":\"Must be Greater than or Eq 4\",\"response_value\":\"0\"},{\"item_id\":17,\"item_text\":\"Chemical Fire Extinguisher\",\"criteria\":\"Must be YES\",\"response_value\":\"NO\"},{\"item_id\":18,\"item_text\":\"Regular Fire Extinguisher\",\"criteria\":\"Must be YES\",\"response_value\":\"NO\"},{\"item_id\":19,\"item_text\":\"Doors\",\"criteria\":\"0.9-2.1\",\"response_value\":\"0\"},{\"item_id\":20,\"item_text\":\"Doors\",\"criteria\":\"1-3\",\"response_value\":\"0\"}]', NULL, 16, '2025-10-29 11:58:31', '2025-10-29 04:59:56'),
(7, 'R050108-25--0014', 83, 14, 12, 25, '2025-11-23 07:56:12', '2025-11-23 08:00:17', 'Completed', 1, '2025-11-25 05:49:45', 27, 1, '2025-11-25 05:52:02', 15, 1, '2025-11-23 00:01:39', 24, 100, 0, 0, 0, 0, 0, 0, 0, 0, NULL, 0, '[{\"item_id\":10,\"item_text\":\"Stairs\",\"criteria\":\"0.6-0.915\",\"response_value\":\"16\"},{\"item_id\":19,\"item_text\":\"Doors\",\"criteria\":\"0.9-2.1\",\"response_value\":\"11111\"},{\"item_id\":20,\"item_text\":\"Doors\",\"criteria\":\"1-3\",\"response_value\":\"12\"}]', NULL, 25, '2025-11-23 06:56:12', '2025-11-23 00:00:17'),
(8, 'R050108-25--0015', 84, 15, 12, 37, '2025-11-23 10:53:18', '2025-11-23 10:53:42', 'Completed', 0, NULL, NULL, 0, NULL, NULL, 0, NULL, NULL, 21.43, 0, 0, 0, 0, 0, 0, 0, 0, NULL, 1, '[{\"item_id\":7,\"item_text\":\"Corridors \\/ Hallways\",\"criteria\":\"0.9-2\",\"response_value\":\"0\"},{\"item_id\":8,\"item_text\":\"Exit Doors\",\"criteria\":\"Must be Greater than or Eq 12\",\"response_value\":\"0\"},{\"item_id\":9,\"item_text\":\"Horizontal Exits\",\"criteria\":\"0.9-2\",\"response_value\":\"0\"},{\"item_id\":10,\"item_text\":\"Stairs\",\"criteria\":\"0.6-0.915\",\"response_value\":\"0\"},{\"item_id\":11,\"item_text\":\"Minimum Letter Height  - 150 mm; \",\"criteria\":\"Must be Greater than or Eq 150\",\"response_value\":\"0\"},{\"item_id\":12,\"item_text\":\"Width of Stroke - 19mm\",\"criteria\":\"Must be Greater than or Eq 19\",\"response_value\":\"0\"},{\"item_id\":13,\"item_text\":\"Exit Signs are posted along Exit Access, Exits and Exit Discharge\",\"criteria\":\"Must be YES\",\"response_value\":\"NO\"},{\"item_id\":15,\"item_text\":\"Expiration\",\"criteria\":\"Must be More than or equal to 300 days\",\"response_value\":null},{\"item_id\":16,\"item_text\":\"Number of Fire Extinguisher\",\"criteria\":\"Must be Greater than or Eq 4\",\"response_value\":\"0\"},{\"item_id\":17,\"item_text\":\"Chemical Fire Extinguisher\",\"criteria\":\"Must be YES\",\"response_value\":\"NO\"},{\"item_id\":18,\"item_text\":\"Regular Fire Extinguisher\",\"criteria\":\"Must be YES\",\"response_value\":\"NO\"}]', NULL, 37, '2025-11-23 09:53:18', '2025-11-23 02:53:42'),
(9, 'R050108-25--0016', 85, 16, 12, 35, '2025-11-23 10:57:01', '2025-11-23 10:59:36', 'Completed', 0, NULL, NULL, 0, NULL, NULL, 0, NULL, NULL, 35.71, 0, 0, 0, 0, 0, 0, 0, 0, NULL, 1, '[{\"item_id\":9,\"item_text\":\"Horizontal Exits\",\"criteria\":\"0.9-2\",\"response_value\":\"180\"},{\"item_id\":10,\"item_text\":\"Stairs\",\"criteria\":\"0.6-0.915\",\"response_value\":\"0\"},{\"item_id\":11,\"item_text\":\"Minimum Letter Height  - 150 mm; \",\"criteria\":\"Must be Greater than or Eq 150\",\"response_value\":\"0\"},{\"item_id\":12,\"item_text\":\"Width of Stroke - 19mm\",\"criteria\":\"Must be Greater than or Eq 19\",\"response_value\":\"0\"},{\"item_id\":13,\"item_text\":\"Exit Signs are posted along Exit Access, Exits and Exit Discharge\",\"criteria\":\"Must be YES\",\"response_value\":\"NO\"},{\"item_id\":15,\"item_text\":\"Expiration\",\"criteria\":\"Must be More than or equal to 300 days\",\"response_value\":null},{\"item_id\":16,\"item_text\":\"Number of Fire Extinguisher\",\"criteria\":\"Must be Greater than or Eq 4\",\"response_value\":\"0\"},{\"item_id\":17,\"item_text\":\"Chemical Fire Extinguisher\",\"criteria\":\"Must be YES\",\"response_value\":\"NO\"},{\"item_id\":18,\"item_text\":\"Regular Fire Extinguisher\",\"criteria\":\"Must be YES\",\"response_value\":\"NO\"}]', NULL, 35, '2025-11-23 09:57:01', '2025-11-23 02:59:36'),
(10, 'R050108-25--0017', 86, 17, 12, 36, '2025-11-23 11:04:35', '2025-11-23 11:11:34', 'Completed', 1, '2025-11-23 03:18:09', 27, 0, NULL, NULL, 1, '2025-11-23 03:21:24', 32, 100, 0, 0, 0, 0, 0, 0, 0, 0, NULL, 0, NULL, NULL, 36, '2025-11-23 10:04:35', '2025-11-23 03:11:34'),
(11, 'R050108-25--0019', 93, 19, 12, 29, '2025-11-25 06:02:07', NULL, 'In Progress', 0, NULL, NULL, 0, NULL, NULL, 0, NULL, NULL, NULL, 0, 0, 0, 0, 0, 0, 0, 0, NULL, NULL, NULL, NULL, 29, '2025-11-25 05:02:07', '2025-11-25 05:02:07'),
(12, 'R050108-25--0020', 94, 20, 12, 44, '2025-11-25 10:25:01', '2025-11-25 10:59:13', 'Completed', 1, '2025-11-25 03:01:50', 18, 1, '2025-11-25 04:50:58', 15, 1, '2025-11-25 03:03:33', 43, 100, 0, 0, 0, 0, 0, 0, 0, 0, NULL, 0, NULL, NULL, 44, '2025-11-25 09:25:01', '2025-11-25 02:59:13'),
(13, 'R050108-25--0021', 95, 21, 12, 37, '2025-11-25 14:10:54', '2025-11-25 14:16:12', 'Completed', 1, '2025-11-25 06:19:16', 27, 1, '2025-11-25 06:22:27', 15, 1, '2025-11-25 06:23:10', 45, 100, 0, 0, 0, 0, 0, 0, 0, 0, NULL, 0, NULL, NULL, 37, '2025-11-25 13:10:54', '2025-11-25 06:16:12'),
(14, 'R050108-25--0022', 98, 22, 12, 44, '2025-11-26 07:08:19', '2025-11-26 07:15:05', 'Completed', 0, NULL, NULL, 0, NULL, NULL, 0, NULL, NULL, 69.57, 0, 0, 0, 0, 0, 0, 0, 0, NULL, 1, '[{\"item_id\":8,\"item_text\":\"Exit Doors\",\"criteria\":\"Must be Greater than or Eq 12\",\"response_value\":\"1\"},{\"item_id\":16,\"item_text\":\"Storage Clearance Required\",\"criteria\":\"Must be YES\",\"response_value\":\"NO\"},{\"item_id\":17,\"item_text\":\"Fire Safety Clearance for Storage\",\"criteria\":\"Must be YES\",\"response_value\":\"NO\"},{\"item_id\":18,\"item_text\":\"Date Issued\",\"criteria\":\"Must be More than or equal to 960 days\",\"response_value\":null},{\"item_id\":27,\"item_text\":\"Hazard Content\",\"criteria\":null,\"response_value\":null},{\"item_id\":28,\"item_text\":\"Total Volume\",\"criteria\":\"10-200\",\"response_value\":null},{\"item_id\":29,\"item_text\":\"Location\",\"criteria\":null,\"response_value\":null},{\"item_id\":31,\"item_text\":\"Gas Detector and Shut Off Device for LPG\",\"criteria\":\"Must be YES\",\"response_value\":\"NO\"},{\"item_id\":32,\"item_text\":\"LPG System provided with Approved Plans, (if 300 kgs.\\/300 GWC)\",\"criteria\":\"Must be YES\",\"response_value\":\"NO\"},{\"item_id\":33,\"item_text\":\"Installation Clearance\",\"criteria\":\"Must be YES\",\"response_value\":\"NO\"},{\"item_id\":34,\"item_text\":\"Date Issued\",\"criteria\":\"Must be More than or equal to 1230 days\",\"response_value\":null},{\"item_id\":35,\"item_text\":\"Control No\",\"criteria\":null,\"response_value\":null},{\"item_id\":36,\"item_text\":\"Stored in sealed metal containers\",\"criteria\":\"Must be YES\",\"response_value\":\"NO\"},{\"item_id\":37,\"item_text\":\"Provided with “NO SMOKING” sign\",\"criteria\":\"Must be YES\",\"response_value\":\"NO\"}]', NULL, 44, '2025-11-26 06:08:19', '2025-11-25 23:15:05');


INSERT INTO `inspection_responses` (`response_id`, `schedule_id`, `item_id`, `response_value`, `remarks`, `updated_at`, `response_proof_img`) VALUES
(1, 3, 19, '2', '1', '2025-10-24 19:02:25', NULL),
(2, 3, 20, '2', '1', '2025-10-24 19:02:25', NULL),
(3, 3, 6, '2', '1', '2025-10-24 19:03:32', NULL),
(4, 3, 7, '2', '1', '2025-10-24 19:03:32', NULL),
(5, 3, 8, '12', '1', '2025-10-24 19:03:32', NULL),
(6, 3, 9, '2', '1', '2025-10-24 19:03:32', NULL),
(7, 3, 10, '0.7', '1', '2025-10-24 19:03:32', NULL),
(8, 3, 11, '150', '1', '2025-10-24 19:02:55', NULL),
(9, 3, 12, '19', '1', '2025-10-24 19:02:55', NULL),
(10, 3, 13, '1', '1', '2025-10-24 19:02:55', NULL),
(11, 3, 15, '2027-10-10', '1', '2025-10-24 19:03:42', NULL),
(12, 3, 16, '4', '1', '2025-10-24 19:03:42', NULL),
(13, 3, 17, '1', '1', '2025-10-24 19:03:43', NULL),
(14, 3, 18, '1', '1', '2025-10-24 19:03:43', NULL),
(15, 2, 19, '2', '1', '2025-10-26 10:48:10', 'Proof_2_1_19.jpg'),
(16, 2, 20, '3', '1', '2025-10-26 10:48:10', 'Proof_2_1_20.jpg'),
(17, 2, 6, '4', '1', '2025-10-26 11:33:56', 'Proof_2_2_6.jpg'),
(18, 2, 7, '2', '1', '2025-10-26 11:33:56', 'Proof_2_2_7.jpg'),
(19, 2, 8, '12', '1', '2025-10-26 11:33:56', 'Proof_2_2_8.jpg'),
(20, 2, 9, '2', '1', '2025-10-26 11:33:56', NULL),
(21, 2, 10, '0.6', '1', '2025-10-26 11:33:56', NULL),
(22, 2, 11, '150', '1', '2025-10-26 04:01:38', NULL),
(23, 2, 12, '20', '1', '2025-10-26 04:01:38', NULL),
(24, 2, 13, '1', '1', '2025-10-26 04:01:38', NULL),
(25, 2, 15, '2029-10-10', '1', '2025-10-26 11:36:04', NULL),
(26, 2, 16, '4', '1', '2025-10-26 11:36:04', NULL),
(27, 2, 17, '1', '1', '2025-10-26 11:36:04', NULL),
(28, 2, 18, '1', '1', '2025-10-26 11:36:04', NULL),
(29, 4, 19, '2', '1', '2025-10-29 01:32:18', NULL),
(30, 4, 20, '2', '1', '2025-10-29 01:32:18', NULL),
(31, 4, 6, '2', '1', '2025-10-29 01:32:18', NULL),
(32, 4, 7, '2', '1', '2025-10-29 01:32:18', NULL),
(33, 4, 8, '12', '1', '2025-10-29 01:32:18', NULL),
(34, 4, 9, '2', '1', '2025-10-29 01:32:18', NULL),
(35, 4, 10, '0.8', '1', '2025-10-29 01:32:18', NULL),
(36, 4, 11, '151', '1', '2025-10-29 01:32:18', NULL),
(37, 4, 12, '19', '1', '2025-10-29 01:32:18', NULL),
(38, 4, 13, '1', '1', '2025-10-29 01:32:18', NULL),
(39, 4, 15, '2100-10-10', '1', '2025-10-29 01:32:20', NULL),
(40, 4, 16, '4', '1', '2025-10-29 01:32:20', NULL),
(41, 4, 17, '1', '1', '2025-10-29 01:32:20', NULL),
(42, 4, 18, '1', '1', '2025-10-29 01:32:20', NULL),
(43, 5, 19, '2', '1', '2025-10-29 01:30:54', NULL),
(44, 5, 20, '3', '1', '2025-10-29 01:30:54', NULL),
(45, 5, 6, '2', '1', '2025-10-29 01:31:03', NULL),
(46, 5, 7, '2', '1', '2025-10-29 01:31:03', NULL),
(47, 5, 8, '12', '1', '2025-10-29 01:31:03', NULL),
(48, 5, 9, '2', '1', '2025-10-29 01:31:03', NULL),
(49, 5, 10, '0.8', '1', '2025-10-29 01:31:03', NULL),
(50, 5, 11, '150', '1', '2025-10-29 01:31:10', NULL),
(51, 5, 12, '19', '1', '2025-10-29 01:31:10', NULL),
(52, 5, 13, '1', '1', '2025-10-29 01:31:10', NULL),
(53, 5, 15, '2026-10-10', '1', '2025-10-29 01:31:48', NULL),
(54, 5, 16, '4', '1', '2025-10-29 01:31:48', NULL),
(55, 5, 17, '1', '1', '2025-10-29 01:31:48', NULL),
(56, 5, 18, '1', '1', '2025-10-29 01:31:48', NULL),
(57, 6, 11, '0', '0', '2025-10-29 04:59:49', NULL),
(58, 6, 12, '0', '0', '2025-10-29 04:59:49', NULL),
(59, 6, 13, '0', '0', '2025-10-29 04:59:49', NULL),
(60, 6, 6, '0', '1', '2025-10-29 04:59:49', NULL),
(61, 6, 7, '0', '0', '2025-10-29 04:59:49', NULL),
(62, 6, 8, '0', '0', '2025-10-29 04:59:49', NULL),
(63, 6, 9, '0', '0', '2025-10-29 04:59:49', NULL),
(64, 6, 10, '0', '0', '2025-10-29 04:59:49', NULL),
(65, 6, 19, '0', '0', '2025-10-29 04:59:49', NULL),
(66, 6, 20, '0', '0', '2025-10-29 04:59:49', NULL),
(67, 6, 15, '0', '0', '2025-10-29 04:59:49', NULL),
(68, 6, 16, '0', '0', '2025-10-29 04:59:49', NULL),
(69, 6, 17, '0', '0', '2025-10-29 04:59:49', NULL),
(70, 6, 18, '0', '0', '2025-10-29 04:59:49', NULL),
(71, 14, 19, '2', '1', '2025-11-23 00:00:17', NULL),
(72, 14, 20, '2', '1', '2025-11-23 00:00:17', NULL),
(73, 14, 6, '12', '1', '2025-11-23 00:00:12', NULL),
(74, 14, 7, '2', '1', '2025-11-23 00:00:12', NULL),
(75, 14, 8, '22', '1', '2025-11-23 00:00:12', NULL),
(76, 14, 9, '1', '1', '2025-11-23 00:00:12', NULL),
(77, 14, 10, '0.8', '1', '2025-11-23 00:00:12', NULL),
(78, 14, 11, '170', '1', '2025-11-22 23:57:30', NULL),
(79, 14, 12, '20', '1', '2025-11-22 23:57:30', NULL),
(80, 14, 13, '1', '1', '2025-11-22 23:57:30', NULL),
(81, 14, 15, '2026-11-28', '1', '2025-11-22 23:59:39', NULL),
(82, 14, 16, '5', '1', '2025-11-22 23:59:39', NULL),
(83, 14, 17, '1', '1', '2025-11-22 23:59:39', NULL),
(84, 14, 18, '1', '1', '2025-11-22 23:59:39', NULL),
(85, 15, 6, '0', '1', '2025-11-23 02:53:19', NULL),
(86, 15, 7, '0', '0', '2025-11-23 02:53:19', NULL),
(87, 15, 8, '0', '0', '2025-11-23 02:53:19', NULL),
(88, 15, 9, '0', '0', '2025-11-23 02:53:19', NULL),
(89, 15, 10, '0', '0', '2025-11-23 02:53:19', NULL),
(90, 15, 19, '2', '1', '2025-11-23 02:53:42', NULL),
(91, 15, 20, '1.5', '1', '2025-11-23 02:53:42', NULL),
(92, 15, 15, '0', '0', '2025-11-23 02:53:19', NULL),
(93, 15, 16, '0', '0', '2025-11-23 02:53:19', NULL),
(94, 15, 17, '0', '0', '2025-11-23 02:53:19', NULL),
(95, 15, 18, '0', '0', '2025-11-23 02:53:19', NULL),
(96, 15, 11, '0', '0', '2025-11-23 02:53:19', NULL),
(97, 15, 12, '0', '0', '2025-11-23 02:53:19', NULL),
(98, 15, 13, '0', '0', '2025-11-23 02:53:19', NULL),
(99, 16, 6, '0', '1', '2025-11-23 02:59:36', NULL),
(100, 16, 7, '2', '1', '2025-11-23 02:59:36', NULL),
(101, 16, 8, '32', '1', '2025-11-23 02:59:36', NULL),
(102, 16, 9, '180', '0', '2025-11-23 02:59:36', NULL),
(103, 16, 10, '0', '0', '2025-11-23 02:59:36', NULL),
(104, 16, 19, '2', '1', '2025-11-23 02:57:10', NULL),
(105, 16, 20, '1.5', '1', '2025-11-23 02:57:10', NULL),
(106, 16, 11, '0', '0', '2025-11-23 02:57:03', NULL),
(107, 16, 12, '0', '0', '2025-11-23 02:57:03', NULL),
(108, 16, 13, '0', '0', '2025-11-23 02:57:03', NULL),
(109, 16, 15, '0', '0', '2025-11-23 02:57:03', NULL),
(110, 16, 16, '0', '0', '2025-11-23 02:57:03', NULL),
(111, 16, 17, '0', '0', '2025-11-23 02:57:03', NULL),
(112, 16, 18, '0', '0', '2025-11-23 02:57:03', NULL),
(113, 17, 19, '2', '1', '2025-11-23 03:04:45', NULL),
(114, 17, 20, '1.5', '1', '2025-11-23 03:04:45', NULL),
(115, 17, 6, '0', '1', '2025-11-23 03:06:12', NULL),
(116, 17, 7, '2', '1', '2025-11-23 03:06:12', NULL),
(117, 17, 8, '180', '1', '2025-11-23 03:06:12', NULL),
(118, 17, 9, '2', '1', '2025-11-23 03:06:12', NULL),
(119, 17, 10, '0.8', '1', '2025-11-23 03:06:12', NULL),
(120, 17, 11, '200', '1', '2025-11-23 03:06:02', NULL),
(121, 17, 12, '30', '1', '2025-11-23 03:06:02', NULL),
(122, 17, 13, '1', '1', '2025-11-23 03:06:02', NULL),
(123, 17, 15, '2026-11-26', '1', '2025-11-23 03:11:31', NULL),
(124, 17, 16, '4', '1', '2025-11-23 03:11:31', NULL),
(125, 17, 17, '1', '1', '2025-11-23 03:11:31', NULL),
(126, 17, 18, '1', '1', '2025-11-23 03:11:31', NULL),
(127, 19, 19, '2', '1', '2025-11-24 22:02:28', NULL),
(128, 19, 20, '1.7', '1', '2025-11-24 22:02:28', NULL),
(129, 19, 11, NULL, '0', '2025-11-24 22:02:08', NULL),
(130, 19, 12, NULL, '0', '2025-11-24 22:02:08', NULL),
(131, 19, 13, '0', '0', '2025-11-24 22:02:08', NULL),
(132, 19, 15, NULL, '0', '2025-11-24 22:02:08', NULL),
(133, 19, 16, NULL, '0', '2025-11-24 22:02:09', NULL),
(134, 19, 17, '0', '0', '2025-11-24 22:02:09', NULL),
(135, 19, 18, '0', '0', '2025-11-24 22:02:09', NULL),
(136, 19, 6, NULL, '1', '2025-11-24 22:02:09', NULL),
(137, 19, 7, NULL, '0', '2025-11-24 22:02:09', NULL),
(138, 19, 8, NULL, '0', '2025-11-24 22:02:09', NULL),
(139, 19, 9, NULL, '0', '2025-11-24 22:02:09', NULL),
(140, 19, 10, NULL, '0', '2025-11-24 22:02:09', NULL),
(141, 20, 19, '2', '1', '2025-11-25 02:26:17', NULL),
(142, 20, 20, '1.5', '1', '2025-11-25 02:26:17', NULL),
(143, 20, 6, '180', '1', '2025-11-25 02:29:17', NULL),
(144, 20, 7, '1.5', '1', '2025-11-25 02:29:17', NULL),
(145, 20, 8, '180', '1', '2025-11-25 02:29:17', NULL),
(146, 20, 9, '.9', '1', '2025-11-25 02:29:17', NULL),
(147, 20, 10, '.8', '1', '2025-11-25 02:29:17', NULL),
(148, 20, 11, '160', '1', '2025-11-25 02:44:32', NULL),
(149, 20, 12, '20', '1', '2025-11-25 02:44:32', NULL),
(150, 20, 13, '1', '1', '2025-11-25 02:44:32', NULL),
(151, 20, 15, '2026-11-28', '1', '2025-11-25 02:51:13', NULL),
(152, 20, 16, '4', '1', '2025-11-25 02:51:13', NULL),
(153, 20, 17, '1', '1', '2025-11-25 02:51:13', NULL),
(154, 20, 18, '1', '1', '2025-11-25 02:51:13', NULL),
(155, 21, 6, NULL, '1', '2025-11-25 06:14:27', 'Proof_21_2_6.webp'),
(156, 21, 7, '2', '1', '2025-11-25 06:14:27', 'Proof_21_2_7.jpg'),
(157, 21, 8, '13', '1', '2025-11-25 06:14:27', 'Proof_21_2_8.png'),
(158, 21, 9, '2', '1', '2025-11-25 06:14:27', 'Proof_21_2_9.png'),
(159, 21, 10, '0.6', '1', '2025-11-25 06:14:27', 'Proof_21_2_10.webp'),
(160, 21, 11, '150', '1', '2025-11-25 06:14:41', NULL),
(161, 21, 12, '19', '1', '2025-11-25 06:14:41', NULL),
(162, 21, 13, '1', '1', '2025-11-25 06:14:41', NULL),
(163, 21, 15, '2027-06-25', '1', '2025-11-25 06:15:38', NULL),
(164, 21, 16, '4', '1', '2025-11-25 06:15:38', NULL),
(165, 21, 17, '1', '1', '2025-11-25 06:15:38', NULL),
(166, 21, 18, '1', '1', '2025-11-25 06:15:38', NULL),
(167, 21, 19, '2', '1', '2025-11-25 06:11:07', NULL),
(168, 21, 20, '2', '1', '2025-11-25 06:11:07', NULL),
(169, 22, 19, '2', '1', '2025-11-25 23:08:38', NULL),
(170, 22, 20, '3', '1', '2025-11-25 23:08:38', NULL),
(171, 22, 6, '1', '1', '2025-11-25 23:10:56', NULL),
(172, 22, 7, '3', '1', '2025-11-25 23:10:56', NULL),
(173, 22, 8, '1', '8', '2025-11-25 23:10:56', NULL),
(174, 22, 10, '0.6', '1', '2025-11-25 23:10:56', NULL),
(175, 22, 24, '1', '1', '2025-11-25 23:10:56', NULL),
(176, 22, 25, '1', '1', '2025-11-25 23:10:56', NULL),
(177, 22, 26, '1', '1', '2025-11-25 23:10:56', NULL),
(178, 22, 11, '160', '1', '2025-11-25 23:11:16', NULL),
(179, 22, 12, '20', '1', '2025-11-25 23:11:16', NULL),
(180, 22, 13, '1', '1', '2025-11-25 23:11:16', NULL),
(181, 22, 15, NULL, '1', '2025-11-25 23:12:58', NULL),
(182, 22, 16, '0', '8', '2025-11-25 23:12:58', NULL),
(183, 22, 17, '0', '8', '2025-11-25 23:12:58', NULL),
(184, 22, 18, NULL, '8', '2025-11-25 23:12:58', NULL),
(185, 22, 27, 'Hazard Content', '8', '2025-11-25 23:12:58', NULL),
(186, 22, 28, NULL, '8', '2025-11-25 23:12:58', NULL),
(187, 22, 29, 'Location', '8', '2025-11-25 23:12:58', NULL),
(188, 22, 30, '1', '1', '2025-11-25 23:13:42', NULL),
(189, 22, 31, '0', '8', '2025-11-25 23:13:42', NULL),
(190, 22, 32, '0', '8', '2025-11-25 23:13:42', NULL),
(191, 22, 33, '0', '8', '2025-11-25 23:13:42', NULL),
(192, 22, 34, NULL, '8', '2025-11-25 23:13:42', NULL),
(193, 22, 35, NULL, '8', '2025-11-25 23:13:42', NULL),
(194, 22, 36, '0', '8', '2025-11-25 23:13:42', NULL),
(195, 22, 37, '0', '8', '2025-11-25 23:13:42', NULL),
(196, 22, 38, '1', '1', '2025-11-25 23:14:40', NULL),
(197, 22, 39, '1', '1', '2025-11-25 23:14:40', NULL),
(198, 22, 40, '1', '1', '2025-11-25 23:14:40', NULL),
(199, 22, 41, '1', '1', '2025-11-25 23:14:40', NULL),
(200, 22, 42, '1', '1', '2025-11-25 23:14:40', NULL),
(201, 22, 43, '1', '1', '2025-11-25 23:14:40', NULL),
(202, 22, 44, '1', '1', '2025-11-25 23:14:40', NULL),
(203, 22, 45, 'Type', '1', '2025-11-25 23:14:40', NULL),
(204, 22, 46, '2', '1', '2025-11-25 23:14:40', NULL),
(205, 22, 47, NULL, '1', '2025-11-25 23:14:40', NULL),
(206, 22, 48, '1', '1', '2025-11-25 23:14:45', NULL),
(207, 22, 49, '1', '1', '2025-11-25 23:14:45', NULL),
(208, 22, 50, '1', '1', '2025-11-25 23:14:59', NULL),
(209, 22, 51, '1', '1', '2025-11-25 23:14:59', NULL),
(210, 22, 52, '1', '1', '2025-11-25 23:14:59', NULL),
(211, 22, 53, '1', '1', '2025-11-25 23:14:59', NULL),
(212, 22, 54, '1', '1', '2025-11-25 23:14:59', NULL),
(213, 22, 55, '2', '1', '2025-11-25 23:14:59', NULL),
(214, 22, 56, '1', '1', '2025-11-25 23:14:59', NULL);



INSERT INTO `inspection_schedule` (`schedule_id`, `checklist_id`, `HasClientAck`, `DateAckbyClient`, `AckByClient_id`, `hasRecommendingApproval`, `dateRecommendedForApproval`, `RecommendingApprover`, `hasFinalApproval`, `dateFinalApproval`, `FinalApprover`, `hasInspectorAck`, `dateInspectorAck`, `inspector_id`, `order_number`, `payment_id`, `scheduled_date`, `schedule_time`, `preferredSchedule`, `rescheduleCount`, `rescheduleReason`, `to_officer`, `assigned_to_officer_id`, `proceed_instructions`, `noi_id`, `noi_text`, `fsic_purpose`, `gen_info_id`, `purpose`, `duration`, `remarks`, `ins_sched_logs`, `inspection_sched_status`, `created_by`, `created_at`, `updated_at`, `ClientHasSeen`, `InspectorHasSeen`, `RecoApproverHasSeen`, `ApproverHasSeen`) VALUES
(1, 12, 'Y', '2025-10-24 11:34:32', 9, 1, '2025-10-21 10:34:15', 18, 1, '2025-10-24 12:00:10', 15, 1, '2025-10-21 10:18:27', 16, 'R05-ADV-0001', NULL, '2025-11-01 00:00:00', '00:00:00.000000', '2025-11-01', 0, 'eto na po', 'Sr Fire Officer Inspecsyon Taka', 16, 'Coca Cola Company - Oas Albay', '1', NULL, 'FOR CERTIFICATE OF OCCUPANCY', 13, 'Conduct inspection of the said Establishment as required by RA 9514 RIRR Fire Code of the Philippines 2008 RIRR', 'Until the end of Inspection', '', NULL, 'Completed', 18, '2025-10-21 16:17:37', '2025-11-02 18:14:25', 1, 1, 1, 1),
(2, 12, 'Y', '2025-10-21 22:06:30', 13, 1, '2025-10-21 22:06:55', 18, 1, '2025-10-21 22:08:45', 15, 1, '2025-10-21 22:07:59', 16, 'R05-ADV-0002', NULL, '2025-11-08 00:00:00', '00:00:00.000000', NULL, 0, NULL, 'Sr Fire Officer Inspecsyon Taka', 16, 'Cafe Locran - Café Locran by Lovecakes, Ragos Street, Oas, Albay, Philippines', '1', NULL, 'FOR CERTIFICATE OF OCCUPANCY', 12, 'Conduct inspection of the said Establishment as required by RA 9514 RIRR Fire Code of the Philippines 2008 RIRR', 'Until the end of Inspection', '', NULL, 'Completed', 18, '2025-10-22 04:03:34', '2025-11-02 18:14:25', 1, 1, 1, 1),
(3, 12, 'Y', '2025-10-24 11:37:14', 9, 1, '2025-10-24 11:37:43', 18, 1, '2025-10-24 11:38:54', 15, 1, '2025-10-24 11:36:24', 16, 'R05-ADV-0003', NULL, '2025-12-04 00:00:00', '00:00:00.000000', NULL, 0, NULL, 'Sr Fire Officer Inspecsyon Taka', 16, 'Coca Cola Company - Oas Albay', '1', NULL, 'FOR CERTIFICATE OF OCCUPANCY', 13, 'Conduct inspection of the said Establishment as required by RA 9514 RIRR Fire Code of the Philippines 2008 RIRR', 'Until the end of Inspection', '', NULL, 'Completed', 14, '2025-10-24 17:31:13', '2025-11-02 18:14:25', 1, 1, 1, 1),
(4, 12, 'Y', '2025-10-26 19:29:53', 8, 1, '2025-10-26 19:32:02', 18, 1, '2025-10-26 19:32:31', 15, 1, '2025-10-27 09:16:55', 16, 'R05-ADV-0004', NULL, '2025-11-21 00:00:00', '00:00:00.000000', '2025-11-21', 0, 'it will be emie', 'Sr Fire Officer Inspecsyon Taka', 16, 'Ayala Homes - Oas', '1', NULL, 'FOR CERTIFICATE OF OCCUPANCY', 11, 'Conduct inspection of the said Establishment as required by RA 9514 RIRR Fire Code of the Philippines 2008 RIRR', 'Until the end of Inspection', '', NULL, 'Completed', 6, '2025-10-27 02:27:27', '2025-11-02 18:14:25', 1, 1, 1, 1),
(5, 12, 'Y', '2025-10-29 01:22:55', 13, 1, '2025-10-29 01:26:34', 18, 1, '2025-10-29 01:27:32', 15, 1, '2025-10-29 01:28:27', 16, 'R05-ADV-0005', NULL, '2025-10-30 00:00:00', '00:00:00.000000', NULL, 0, NULL, 'Sr Fire Officer Inspecsyon Taka', 16, 'Cafe Locran - Café Locran by Lovecakes, Ragos Street, Oas, Albay, Philippines', '1', NULL, 'OTHERS', 12, 'Conduct inspection of the said Establishment as required by RA 9514 RIRR Fire Code of the Philippines 2008 RIRR', 'Until the end of Inspection', '', NULL, 'Completed', 6, '2025-10-29 06:53:12', '2025-11-02 18:25:52', 1, 1, 1, 1),
(6, 12, 'Y', '2025-10-29 03:39:29', 13, 1, '2025-10-29 04:10:36', 18, 1, '2025-10-29 04:13:49', 15, 1, '2025-10-29 04:58:29', 16, 'R05-ADV-0006', NULL, '2025-10-31 00:00:00', '00:00:00.000000', '2025-10-31', 1, 'Got Expired', 'Sr Fire Officer Inspecsyon Taka', 16, 'Cafe Locran - Café Locran by Lovecakes, Ragos Street, Oas, Albay, Philippines', '1', NULL, 'FOR CERTIFICATE OF OCCUPANCY', 12, 'Conduct inspection of the said Establishment as required by RA 9514 RIRR Fire Code of the Philippines 2008 RIRR', 'Until the end of Inspection', '[Approved] Reschedule to 2025-10-31 due to: unspecified reason.', NULL, 'Archived', 6, '2025-10-29 08:33:50', '2025-11-02 18:14:25', 0, 0, 0, 0),
(7, 12, 'N', NULL, NULL, 0, NULL, NULL, 0, NULL, NULL, 0, NULL, 16, 'R05-ADV-0007', 1, '2025-10-31 00:00:00', '00:00:00.000000', NULL, 0, NULL, 'Sr Fire Officer Inspecsyon Taka', 16, 'OPS - Oas Polytechnic School, 1, Oas, Albay, Philippines', '1', NULL, 'FOR CERTIFICATE OF OCCUPANCY', 14, 'Conduct inspection of the said Establishment as required by RA 9514 RIRR Fire Code of the Philippines 2008 RIRR', 'Until the end of Inspection', '', NULL, 'Archived', 6, '2025-10-29 14:53:24', '2025-11-02 18:14:25', 0, 0, 0, 0),
(8, 12, 'N', NULL, NULL, 0, NULL, NULL, 0, NULL, NULL, 0, NULL, 16, 'R05-ADV-0008', 2, '2025-11-05 00:00:00', '00:00:00.000000', NULL, 0, NULL, 'Sr Fire Officer Inspecsyon Taka', 16, 'OPS - Oas Polytechnic School, 1, Oas, Albay, Philippines', '1', NULL, 'FOR CERTIFICATE OF OCCUPANCY', 14, 'Conduct inspection of the said Establishment as required by RA 9514 RIRR Fire Code of the Philippines 2008 RIRR', 'Until the end of Inspection', '', NULL, 'Scheduled', 6, '2025-10-29 15:15:12', '2025-11-02 18:14:25', 0, 0, 0, 0),
(9, 12, 'Y', '2025-10-30 00:58:18', 9, 1, '2025-11-01 07:37:46', 18, 1, '2025-11-01 10:19:41', 15, 0, NULL, 16, 'R05-ADV-0009', 3, '2025-11-09 00:00:00', '00:00:00.000000', NULL, 0, NULL, 'Sr Fire Officer Inspecsyon Taka', 16, 'Coca Cola Company - Oas Albay', '1', NULL, 'FOR CERTIFICATE OF OCCUPANCY', 13, 'Conduct inspection of the said Establishment as required by RA 9514 RIRR Fire Code of the Philippines 2008 RIRR', 'Until the end of Inspection', '[Client] Has Acknowledged. <br>[Recommending Approver] Has Acknowledged. <br>[Final Approver] Has Acknowledged. <br>', NULL, 'Scheduled', 6, '2025-10-29 10:45:27', '2025-11-01 10:19:41', 0, 0, 0, 0),
(10, 12, 'Y', '2025-10-30 00:58:15', 9, 1, '2025-11-01 07:37:40', 18, 1, '2025-11-01 10:19:38', 15, 0, NULL, 16, 'R05-ADV-0010', 4, '2025-11-25 00:00:00', '00:00:00.000000', NULL, 0, NULL, 'Sr Fire Officer Inspecsyon Taka', 16, 'Coca Cola Company - Oas Albay', '2', NULL, 'FOR CERTIFICATE OF OCCUPANCY', 13, 'Conduct inspection of the said Establishment as required by RA 9514 RIRR Fire Code of the Philippines 2008 RIRR', 'Until the end of Inspection', '[Client] Has Acknowledged. <br>[Recommending Approver] Has Acknowledged. <br>[Final Approver] Has Acknowledged. <br>', NULL, 'Scheduled', 6, '2025-10-29 10:53:41', '2025-11-01 10:19:38', 0, 0, 0, 0),
(11, 12, 'N', NULL, NULL, 0, NULL, NULL, 0, NULL, NULL, 0, NULL, 16, 'R05-ADV-0011', 5, '2025-11-04 00:00:00', '00:00:00.000000', '2025-11-05', 0, 'Meeting on that day.', 'Sr Fire Officer Inspecsyon Taka', 16, 'Oas Community College - Oas Community College, 1, Oas, Albay, Philippines', '3', NULL, 'FOR CERTIFICATE OF OCCUPANCY', 15, 'Conduct inspection of the said Establishment as required by RA 9514 RIRR Fire Code of the Philippines 2008 RIRR', 'Until the end of Inspection', '[Cancelled] Fire Officer is not available by the requested Date', NULL, 'Archived', 6, '2025-10-30 00:35:30', '2025-11-01 09:17:57', 0, 0, 0, 0),
(12, 12, 'N', NULL, NULL, 0, NULL, NULL, 0, NULL, NULL, 0, NULL, 16, 'R05-ADV-0012', 6, '2025-11-19 00:00:00', '00:00:00.000000', NULL, 0, NULL, 'Sr Fire Officer Inspecsyon Taka', 16, 'Coca Cola Company - Oas Albay', '3', NULL, 'FOR CERTIFICATE OF OCCUPANCY', 13, 'Conduct inspection of the said Establishment as required by RA 9514 RIRR Fire Code of the Philippines 2008 RIRR', 'Until the end of Inspection', '', NULL, 'Scheduled', 9, '2025-10-30 07:42:27', '2025-10-30 14:42:28', 1, 1, 1, 1),
(13, 12, 'N', NULL, NULL, 0, NULL, NULL, 0, NULL, NULL, 0, NULL, 10, 'R05-ADV-0013', 7, '2025-11-01 00:00:00', '00:00:00.000000', NULL, 0, NULL, 'Inspector Gadget', 10, 'Ayala Homes - Oas', '5', NULL, 'FOR CERTIFICATE OF OCCUPANCY', 11, 'Conduct inspection of the said Establishment as required by RA 9514 RIRR Fire Code of the Philippines 2008 RIRR', 'Until the end of Inspection', '', NULL, 'Scheduled', 9, '2025-10-30 07:44:03', '2025-10-30 14:44:03', 1, 1, 1, 1),
(14, 12, 'Y', '2025-11-22 23:49:44', 24, 1, '2025-11-22 23:54:51', 26, 1, '2025-11-22 23:55:20', 14, 1, '2025-11-22 23:55:59', 25, 'R05-ADV-0014', 11, '2026-01-10 00:00:00', '13:55:00.000000', NULL, 3, NULL, 'EREN YEAGER', 25, 'Maria Workshop - San Isidro, Oas, Albay, Philippines', '3', NULL, 'FOR CERTIFICATE OF OCCUPANCY', 83, 'Conduct inspection of the said Establishment as required by RA 9514 RIRR Fire Code of the Philippines 2008 RIRR', 'Until the end of Inspection', '', NULL, 'Completed', 6, '2025-11-22 23:20:05', '2025-11-23 00:00:17', 1, 1, 1, 1),
(15, 12, 'Y', '2025-11-23 02:50:14', 34, 1, '2025-11-23 02:51:41', 28, 1, '2025-11-23 02:52:26', 27, 1, '2025-11-23 02:53:11', 37, 'R05-ADV-0015', 12, '2025-12-10 00:00:00', '11:00:00.000000', NULL, 1, NULL, 'DO KYUNGSOO', 37, 'Jillian Workshop - 4 Brgy. Bongoran, Oas, Albay, Philippines', '3', NULL, 'FOR CERTIFICATE OF OCCUPANCY', 84, 'Conduct inspection of the said Establishment as required by RA 9514 RIRR Fire Code of the Philippines 2008 RIRR', 'Until the end of Inspection', 'Auto-rescheduled from inspection #8 due to defects.\nHas defects:\n- Corridors / Hallways\n  Criteria: 0.9-2\n  Response: 0\n\n- Exit Doors\n  Criteria: Must be Greater than or Eq 12\n  Response: 0\n\n- Horizontal Exits\n  Criteria: 0.9-2\n  Response: 0\n\n- Stairs\n  Criteria: 0.6-0.915\n  Response: 0\n\n- Minimum Letter Height  - 150 mm; \n  Criteria: Must be Greater than or Eq 150\n  Response: 0\n\n- Width of Stroke - 19mm\n  Criteria: Must be Greater than or Eq 19\n  Response: 0\n\n- Exit Signs are posted along Exit Access, Exits and Exit Discharge\n  Criteria: Must be YES\n  Response: NO\n\n- Expiration\n  Criteria: Must be More than or equal to 300 days\n  Response: \n\n- Number of Fire Extinguisher\n  Criteria: Must be Greater than or Eq 4\n  Response: 0\n\n- Chemical Fire Extinguisher\n  Criteria: Must be YES\n  Response: NO\n\n- Regular Fire Extinguisher\n  Criteria: Must be YES\n  Response: NO', NULL, 'Pending', 6, '2025-11-23 02:46:26', '2025-11-23 02:53:42', 1, 1, 1, 1),
(16, 12, 'Y', '2025-11-23 02:55:15', 33, 1, '2025-11-23 02:55:48', 28, 1, '2025-11-23 02:56:21', 27, 1, '2025-11-23 02:56:57', 35, 'R05-ADV-0016', 13, '2025-12-10 00:00:00', '13:00:00.000000', NULL, 1, NULL, 'ELNA M REALCO', 35, 'Buenaflor Building - 7F5V+RMM, Pres. Osmena Ave, Oas, Albay, Philippines', '5', NULL, 'FOR CERTIFICATE OF OCCUPANCY', 85, 'Conduct inspection of the said Establishment as required by RA 9514 RIRR Fire Code of the Philippines 2008 RIRR', 'Until the end of Inspection', 'Auto-rescheduled from inspection #9 due to defects.\nHas defects:\n- Horizontal Exits\n  Criteria: 0.9-2\n  Response: 180\n\n- Stairs\n  Criteria: 0.6-0.915\n  Response: 0\n\n- Minimum Letter Height  - 150 mm; \n  Criteria: Must be Greater than or Eq 150\n  Response: 0\n\n- Width of Stroke - 19mm\n  Criteria: Must be Greater than or Eq 19\n  Response: 0\n\n- Exit Signs are posted along Exit Access, Exits and Exit Discharge\n  Criteria: Must be YES\n  Response: NO\n\n- Expiration\n  Criteria: Must be More than or equal to 300 days\n  Response: \n\n- Number of Fire Extinguisher\n  Criteria: Must be Greater than or Eq 4\n  Response: 0\n\n- Chemical Fire Extinguisher\n  Criteria: Must be YES\n  Response: NO\n\n- Regular Fire Extinguisher\n  Criteria: Must be YES\n  Response: NO', NULL, 'Pending', 6, '2025-11-23 02:47:36', '2025-11-23 02:59:36', 1, 1, 1, 1),
(17, 12, 'Y', '2025-11-23 03:01:39', 32, 1, '2025-11-23 03:02:23', 28, 1, '2025-11-23 03:03:40', 27, 1, '2025-11-23 03:04:30', 36, 'R05-ADV-0017', 14, '2025-11-25 00:00:00', '14:00:00.000000', NULL, 0, NULL, 'HADES RIEGO', 36, 'April Building - 7G42+248, River Dike Trail, Oas, Albay, Philippines', '3', NULL, 'FOR CERTIFICATE OF OCCUPANCY', 86, 'Conduct inspection of the said Establishment as required by RA 9514 RIRR Fire Code of the Philippines 2008 RIRR', 'Until the end of Inspection', '', NULL, 'Completed', 6, '2025-11-23 02:48:35', '2025-11-23 03:11:34', 1, 1, 1, 1),
(18, 0, 'N', NULL, NULL, 0, NULL, NULL, 0, NULL, NULL, 0, NULL, 37, 'R05-ADV-0018', 15, '2025-11-28 00:00:00', '10:00:00.000000', NULL, 0, NULL, 'DO KYUNGSOO', 37, 'MASTER IT - 7G39+8V Oas, Albay, Philippines', '3', NULL, 'FOR CERTIFICATE OF OCCUPANCY', 88, 'Conduct inspection of the said Establishment as required by RA 9514 RIRR Fire Code of the Philippines 2008 RIRR', 'Until the end of Inspection', '', NULL, 'Scheduled', 6, '2025-11-24 18:41:51', '2025-11-25 01:41:51', 1, 1, 1, 1),
(19, 12, 'Y', '2025-11-24 21:55:00', 42, 1, '2025-11-24 21:58:20', 28, 1, '2025-11-24 21:59:51', 18, 1, '2025-11-24 21:57:35', 29, 'R05-ADV-0019', 16, '2025-11-27 00:00:00', '10:00:00.000000', '2025-11-27', 0, 'Wala sa bahay', 'SAMMY P BOTIN', 29, 'Supremo Printing Shop - Calzada, Oas, Albay, Philippines', '3', NULL, 'FOR CERTIFICATE OF OCCUPANCY', 93, 'Conduct inspection of the said Establishment as required by RA 9514 RIRR Fire Code of the Philippines 2008 RIRR', 'Until the end of Inspection', '[Approver] Has Acknowledged. <br>Inspection may now start on Scheduled date.', NULL, 'Scheduled', 6, '2025-11-24 19:52:02', '2025-11-24 21:59:51', 1, 1, 1, 1),
(20, 12, 'Y', '2025-11-25 02:16:48', 43, 1, '2025-11-25 02:21:08', 28, 1, '2025-11-25 02:22:12', 18, 1, '2025-11-25 02:17:54', 44, 'R05-ADV-0020', 17, '2025-11-26 00:00:00', '10:00:00.000000', '2025-11-26', 0, 'Wala sa bahay', 'GLECY BOSITO', 44, 'Shyane Printing Shop - San Ramon, Oas, Albay, Philippines', '5', NULL, 'FOR CERTIFICATE OF OCCUPANCY', 94, 'Conduct inspection of the said Establishment as required by RA 9514 RIRR Fire Code of the Philippines 2008 RIRR', 'Until the end of Inspection', '', NULL, 'Completed', 6, '2025-11-25 02:12:22', '2025-11-25 02:59:13', 1, 1, 1, 1),
(21, 12, 'Y', '2025-11-25 06:05:15', 45, 1, '2025-11-25 06:08:14', 28, 1, '2025-11-25 06:08:37', 27, 1, '2025-11-25 06:05:37', 37, 'R05-ADV-0021', 18, '2025-11-30 00:00:00', '10:00:00.000000', NULL, 0, NULL, 'DO KYUNGSOO', 37, 'Christmas Gifts - Busac oas Albay zone 4, Oas, Albay, Philippines', '3', NULL, 'FOR CERTIFICATE OF OCCUPANCY', 95, 'Conduct inspection of the said Establishment as required by RA 9514 RIRR Fire Code of the Philippines 2008 RIRR', 'Until the end of Inspection', '', NULL, 'Completed', 6, '2025-11-25 06:04:16', '2025-11-25 06:16:12', 1, 1, 1, 1),
(22, 12, 'Y', '2025-11-25 06:42:54', 45, 1, '2025-11-25 23:06:56', 28, 1, '2025-11-25 23:07:34', 27, 1, '2025-11-25 23:06:35', 44, 'R05-ADV-0022', 19, '2025-12-26 00:00:00', '10:00:00.000000', NULL, 1, NULL, 'GLECY BOSITO', 44, 'Construction Materials - Oas, Roa Street, Oas, Albay, Philippines', '1', NULL, 'FOR CERTIFICATE OF OCCUPANCY', 98, 'Conduct inspection of the said Establishment as required by RA 9514 RIRR Fire Code of the Philippines 2008 RIRR', 'Until the end of Inspection', 'Auto-rescheduled from inspection #14 due to defects.\nHas defects:\n- Exit Doors\n  Criteria: Must be Greater than or Eq 12\n  Response: 1\n\n- Storage Clearance Required\n  Criteria: Must be YES\n  Response: NO\n\n- Fire Safety Clearance for Storage\n  Criteria: Must be YES\n  Response: NO\n\n- Date Issued\n  Criteria: Must be More than or equal to 960 days\n  Response: \n\n- Hazard Content\n  Criteria: \n  Response: \n\n- Total Volume\n  Criteria: 10-200\n  Response: \n\n- Location\n  Criteria: \n  Response: \n\n- Gas Detector and Shut Off Device for LPG\n  Criteria: Must be YES\n  Response: NO\n\n- LPG System provided with Approved Plans, (if 300 kgs./300 GWC)\n  Criteria: Must be YES\n  Response: NO\n\n- Installation Clearance\n  Criteria: Must be YES\n  Response: NO\n\n- Date Issued\n  Criteria: Must be More than or equal to 1230 days\n  Response: \n\n- Control No\n  Criteria: \n  Response: \n\n- Stored in sealed metal containers\n  Criteria: Must be YES\n  Response: NO\n\n- Provided with “NO SMOKING” sign\n  Criteria: Must be YES\n  Response: NO', NULL, 'Pending', 6, '2025-11-25 06:41:03', '2025-11-25 23:15:05', 1, 1, 1, 1),
(23, 12, 'Y', '2025-11-26 06:17:41', 46, 0, NULL, NULL, 0, NULL, NULL, 0, NULL, 37, 'R05-ADV-0023', 20, '2025-11-29 11:30:00', '11:30:00.000000', NULL, 0, NULL, 'DO KYUNGSOO', 37, 'Digital Shop - San Jose, Oas, Albay, Philippines', '1', NULL, 'FOR CERTIFICATE OF OCCUPANCY', 100, 'Conduct inspection of the said Establishment as required by RA 9514 RIRR Fire Code of the Philippines 2008 RIRR', 'Until the end of Inspection', '[Client] Has Acknowledged. <br>', NULL, 'Scheduled', 6, '2025-11-26 06:16:22', '2025-11-26 06:17:41', 1, 1, 1, 1);


INSERT INTO `map_saved_location` (`loc_id`, `address`, `lat`, `lng`, `date_added`) VALUES
(5, '7G34+JFG, National Rd, Oas, Albay, Philippines', 13.254080000000000, 123.506510000000000, '2025-10-06 13:26:47'),
(6, '48 Diversion Rd', 13.256910000000000, 123.505640000000000, '2025-10-06 13:44:36'),
(7, '48 Diversion Rd', 13.256910000000000, 123.505640000000000, '2025-10-06 13:49:53'),
(8, '7G43+FX6, National Rd, Oas, Albay, Philippines', 13.256230000000000, 123.504490000000000, '2025-10-06 13:56:04'),
(9, '3 Iraya St', 13.255380000000000, 123.504240000000000, '2025-10-06 13:56:09'),
(10, '3 Iraya St', 13.255210000000000, 123.504660000000000, '2025-10-06 13:56:14'),
(11, '7G43+4MX, Oas, Albay, Philippines', 13.254990000000000, 123.503990000000000, '2025-10-06 13:56:18'),
(12, '8 Romano St', 13.258360000000000, 123.496150000000000, '2025-10-06 14:18:20'),
(13, 'Oas', 13.249720000000000, 123.515430000000000, '2025-10-07 07:12:20'),
(28, 'Oas Polytechnic School, 1, Oas, Albay, Philippines', 13.263665100000000, 123.495658800000000, '2025-10-07 14:02:11'),
(29, 'Cafe Lo', 13.256445919417000, 123.504030704500000, '2025-10-07 14:08:14'),
(30, 'Café Locran by Lovecakes, Ragos Street, Oas, Albay, Philippines', 13.256438500000000, 123.504051900000000, '2025-10-07 14:08:18'),
(31, '7F5X+VXP', 13.259724983538000, 123.499953746800000, '2025-10-07 09:34:19'),
(32, 'Oas Community College, 1, Oas, Albay, Philippines', 13.249629600000000, 123.515471000000000, '2025-10-07 16:09:10'),
(33, '6GQ8+W7', 13.241616478809000, 123.514351844790000, '2025-10-11 02:42:53'),
(34, '6GX5+F65', 13.248300282214000, 123.507957458500000, '2025-10-11 02:56:09'),
(35, '7F6Q+7CV Mayao', 13.260727491131000, 123.488527536390000, '2025-10-16 02:38:17'),
(36, '7G67+5P Oas, Albay, Philippines', 13.260377331885000, 123.514250793460000, '2025-10-30 20:09:18'),
(37, 'Gabbi', 13.256706993021000, 123.499953746800000, '2025-10-30 20:09:37'),
(38, 'Gabbi\'s Bistro - Oas Albay, Oas, Albay, Philippines', 13.256647100000000, 123.499955600000000, '2025-10-30 20:09:41'),
(39, 'Pan de-', 13.255607871254000, 123.500806689260000, '2025-11-02 20:07:16'),
(40, 'Pan de-Marino Oas, Revatoris St, Oas, Albay, Philippines', 13.255606600000000, 123.500807100000000, '2025-11-02 20:07:19'),
(41, 'Shan P', 13.256132630722000, 123.500755727290000, '2025-11-02 20:10:50'),
(42, 'Shan Pharmaceutical Dealer and Drugstore, J. Rayala Street, Oas, Albay, Philippines', 13.256132300000000, 123.500756300000000, '2025-11-02 20:10:54'),
(43, '7G42+F82, J. Rayala St, Oas, Albay, Philippines', 13.256132630722000, 123.500755727290000, '2025-11-02 20:13:01'),
(44, '7F6R+8W3, Provincial Rd, Oas, Albay, Philippines', 13.260794069592000, 123.492091426400000, '2025-11-02 20:40:53'),
(45, 'Nuestra Sra. de Salvacion Funeral Parlor, Oas, Albay, Philippines', 13.256679580306000, 123.500087857250000, '2025-11-02 20:57:47'),
(46, '7F5X+VXP, Oas, Albay, Philippines', 13.259724983538000, 123.499953746800000, '2025-11-02 21:09:21'),
(47, 'Twin Palace Hotel And Convention Center, Oas, Albay, Philippines', 13.259724983538000, 123.499953746800000, '2025-11-02 21:09:25'),
(48, 'Twin Palace Hotel And Convention Center, Oas, Albay, Philippines', 13.259718600000000, 123.499957400000000, '2025-11-02 21:09:30'),
(49, '4 Brgy. Bongoran, Oas, Albay, Philippines', 13.250911093067000, 123.506282841050000, '2025-11-23 09:30:01'),
(50, '7F5V+RMM, Pres. Osmena Ave, Oas, Albay, Philippines', 13.260009555754000, 123.494152100250000, '2025-11-23 09:32:30'),
(51, '7G42+248, River Dike Trail, Oas, Albay, Philippines', 13.254941270581000, 123.500103031480000, '2025-11-23 09:35:28'),
(52, '7G39+8V Oas, Albay, Philippines', 13.253357837954000, 123.519689569050000, '2025-11-23 15:45:53'),
(53, 'San Juan, Oas, Albay, Philippines', 13.238937900000000, 123.492996100000000, '2025-11-25 01:45:59'),
(54, 'Calzada, Oas, Albay, Philippines', 13.251497300000000, 123.511583100000000, '2025-11-25 02:51:30'),
(55, 'San Ramon, Oas, Albay, Philippines', 13.272365300000000, 123.537808100000000, '2025-11-25 09:11:15'),
(56, 'Busac oas Albay zone 4, Oas, Albay, Philippines', 13.278762800000000, 123.469181100000000, '2025-11-25 13:03:22'),
(57, 'Oas, Albay, Philippines', 13.266633679987000, 123.496927296010000, '2025-11-25 13:40:05'),
(58, 'Oas, Roa Street, Oas, Albay, Philippines', 13.258499000000000, 123.502313000000000, '2025-11-25 13:40:07'),
(59, 'san jose', 13.262450111911000, 123.498103150900000, '2025-11-26 13:14:49'),
(60, 'San Jose, Oas, Albay, Philippines', 13.196927900000000, 123.446761600000000, '2025-11-26 13:14:51');



INSERT INTO `payment` (`payment_id`, `OR_number`, `schedule_id`, `amount_paid`, `date_paid`) VALUES
(1, 'R0528863', 7, 300, '2025-10-29 14:53:24'),
(2, 'R0526967', 8, 300, '2025-10-29 15:15:12'),
(3, 'R0557755', 9, 300, '2025-10-29 17:45:27'),
(4, 'R0544555', 10, 300, '2025-10-29 17:53:41'),
(5, 'R0575021', 11, 300, '2025-10-30 07:35:30'),
(6, 'R0585271', 12, 300, '2025-10-30 14:42:28'),
(7, 'R0529272', 13, 300, '2025-10-30 14:44:03'),
(8, 'R0519906', 0, 300, '2025-11-23 06:02:53'),
(9, 'R0519966', 0, 300, '2025-11-23 06:03:41'),
(10, 'R05199567', 0, 300, '2025-11-23 06:05:55'),
(11, 'R05199578', 14, 300, '2025-11-23 06:20:05'),
(12, 'R0519907', 15, 500, '2025-11-23 09:46:26'),
(13, 'R0519908', 16, 500, '2025-11-23 09:47:36'),
(14, 'R0519909', 17, 500, '2025-11-23 09:48:35'),
(15, 'R0519997', 18, 300, '2025-11-25 01:41:51'),
(16, 'R0519978', 19, 300, '2025-11-25 02:52:02'),
(17, 'R0519979', 20, 500, '2025-11-25 09:12:22'),
(18, 'R05199787', 21, 300, '2025-11-25 13:04:16'),
(19, 'R05199780', 22, 500, '2025-11-25 13:41:03'),
(20, '13564yuow38', 23, 500, '2025-11-26 13:16:22');


INSERT INTO `users` (`user_id`, `full_name`, `email`, `contact_no`, `password_hash`, `role`, `sub_role`, `is_active`, `signature`, `created_at`, `comments`, `updated_at`) VALUES
(6, 'Admin', 'fsed@dmin.gov', NULL, '$2y$10$WqEMqOM50RJeSxq4vOSCLOaQnzwyoAFY5SqNWLudrnUL/pdNH3rpW', 'Administrator', 'Admin_Assistant', 1, 'SIGN-6-Administrator.png', '2025-09-01 15:25:26', NULL, '2025-11-23 09:35:27'),
(7, 'Inspector I', 'fsed@ins.gov', NULL, '$2y$10$hQeVh1Jl/fdyenb46J0vSe20J.2Wl82s8G6fGlBZKQiw1csivGP4a', 'Inspector', 'Inspector', 1, 'SIGN-7-Inspector.png', '2025-09-01 16:36:25', NULL, NULL),
(8, 'Juan Discaya', 'jd@gmail.com', NULL, '$2y$10$Pjooiw5GNSL8fv9pgRAfPuCb3X6swOl/g9E4dO0m4mCGAc7CMgbKe', 'Client', 'Client', 1, 'SIGN-8-Client.png', '2025-09-14 17:19:44', NULL, '2025-10-26 19:30:46'),
(9, 'Coca Cola Owner', 'coca@fsic.gov', NULL, '$2y$10$mvO23QdwMgvsf9V/HQOn9O8JmUm4EjaU.Q7E5rlmtU/N/sSFDYDpi', 'Client', 'Client', 1, 'SIGN-9-Client.png', '2025-09-30 16:21:51', NULL, '2025-10-30 00:58:28'),
(10, 'Inspector Gadget', 'insg@fsic.gov', NULL, '$2y$10$KLW59IUCuH9D7SAFBQQSA.zKoI.uV0G3I46TT0C9ZhqBuybkGkahe', 'Inspector', 'Inspector', 1, NULL, '2025-09-30 19:06:32', NULL, NULL),
(11, 'Oas Com', 'oas@gmail.com', NULL, '$2y$10$bmZ3aW9RrtTUc8YBAXvsY.dRllNZCB8UzWHrCsMrf0Zmp9GfW0BOi', 'Client', 'Client', 1, 'SIGN-11-Client.png', '2025-10-07 12:52:07', NULL, NULL),
(12, 'Oas Poly', 'ops@g.c', NULL, '$2y$10$gkB2v6Ea181cEM0r.PEgD.pM99R.24OdjAsK8bEl8399G5fehE3V6', 'Client', 'Client', 1, 'SIGN-12-Client.png', '2025-10-07 13:45:12', NULL, '2025-10-20 00:38:26'),
(13, 'Cafe Locran', 'CafeLoc@fsic.gov', NULL, '$2y$10$dIBPaLTSiYXEEIuljz7gTuC/uhG2vuxF/aLy4QWn4flHlEYZlvySq', 'Client', 'Client', 1, 'SIGN-13-Client.png', '2025-10-07 14:09:22', NULL, '2025-10-16 22:08:34'),
(14, 'Sr Fire Officer Recommend Taka', 'sfo@fsic.gov', NULL, '$2y$10$bMwshjR.44b8ay6cIe3GbOE3.arGITWyvu2O5FYcqyn0gqfXAE4Gy', 'Administrator', 'Fire Marshall', 1, 'SIGN-14-Administrator.png', '2025-10-07 15:49:22', NULL, '2025-10-24 11:33:45'),
(15, 'sr Fire Officer Approvado Taka', 'approver@fsic.gov', NULL, '$2y$10$uRZqZ4OEJipjfbH9V.56TuSoHFIllVXIFXZPCUwShvjlzRoZ4chAC', 'Administrator', 'Approver', 1, 'SIGN-15-Administrator.png', '2025-10-07 15:50:06', NULL, '2025-11-25 05:54:16'),
(16, 'Sr Fire Officer Inspecsyon Taka', 'inspector@fsic.gov', NULL, '$2y$10$ksXs6z/.4rN.dGMFwQvUseJ8dlwu2A4z.YDo9QLIEvjeNVROHUQK6', 'Inspector', 'Inspector', 1, 'SIGN-16-Inspector.png', '2025-10-07 15:51:15', NULL, '2025-11-01 10:15:16'),
(17, 'Sr. Fire Office Juan Dela Cruz', 'sfojdc@fsic.gov', NULL, '$2y$10$gsav8484tQ2DMGT3Cud7geeaIQuQ.lWW2MBtS6sKLqFxo.AHlHs.i', 'Inspector', 'Inspector', 1, NULL, '2025-10-12 04:10:16', NULL, NULL),
(18, 'Fire Marshal', 'fm@fsic.gov', NULL, '$2y$10$Ge7niJfrXhkt4PZIsUla/uRmcA7GT4Hsp1YiGulK5vtWBLMxq5Njm', 'Administrator', 'Fire Marshall', 1, 'SIGN-18-Administrator.png', '2025-10-21 12:47:07', NULL, '2025-11-01 10:13:21'),
(19, 'admin assist', 'aa@fsic.gov', NULL, '$2y$10$Zklfsa0wjhBadMX1Zbsam.efSXc6v0QEUka02X73sX/22JISg1nz.', 'Administrator', 'Admin_Assistant', 1, NULL, '2025-10-21 12:57:20', NULL, NULL),
(20, 'Gabbi Bistro', 'gb@fsic.gov', NULL, '$2y$10$M9CeLFHZmwTxblB6.QQNLulzO7iNxz8PdglyJVQegR7vXrhvWN0k.', 'Client', 'Client', 1, NULL, '2025-10-30 20:11:48', NULL, NULL),
(21, 'Admin Assistant I', 'testadmin@gmail.com', NULL, '$2y$10$E7/SewvjuSaVAXKloDTIg.jM.hWLE50nAXnPfuD.ycVm9NrFC8VIC', 'Client', 'Client', 1, NULL, '2025-11-02 13:50:34', NULL, NULL),
(22, 'Pande Marino', 'pm@fsic.gov', NULL, '$2y$10$ZrwRUmAx8Pi37K3ee3Ou5.E0rJzLyHOZOtwzjHTuhUuvjaE7U7Iae', 'Client', 'Client', 1, NULL, '2025-11-02 20:08:09', NULL, NULL),
(23, 'Shan@fsic.gov', 's@fsic.gov', NULL, '$2y$10$Z2TDpCFYfp2rDzXKtR6jQef6JJE0ZGuAXe.YIuk/izGTybUsSJi7.', 'Client', 'Client', 1, NULL, '2025-11-02 20:11:20', NULL, NULL),
(24, 'MARIA CAREY', 'mariacarey@gmail.com', '09563324591', '$2y$10$cqOQ5JuHgY3NJND5yVv2ouBZ1k/wDxZefhQyja//Hif4pBdYnapve', 'Client', 'Client', 1, NULL, '2025-11-23 06:00:47', NULL, NULL),
(25, 'EREN YEAGER', 'eren@gmail.com', '09395756332', '$2y$10$j5SuC.9MZzGeLybJa.8JduIpvWrQIUutAx8aTTMAkD40cVLvwEa7S', 'Inspector', 'Fire Officer', 1, NULL, '2025-11-23 06:01:49', NULL, NULL),
(26, 'LEVI ACKERMAN', 'levi@gmail.com', '09395432112', '$2y$10$jyjVpliDTV22.kV4YYvhG.wq45ZQt3LF3oi.RmCaHNXNFa3WW34RG', 'Administrator', 'Chief FSES', 1, NULL, '2025-11-23 06:53:51', NULL, NULL),
(27, 'CICERO M ORTINERO', 'cmortinero@fm.gov', '09456442891', '$2y$10$XdNE6m0fsMFBzAWNaPQtremAEC6GfN0Psxhauva/OcO5H/CvWImbS', 'Administrator', 'Fire Marshall', 1, 'SIGN-27-Administrator.png', '2025-11-23 09:13:07', NULL, '2025-11-25 06:21:45'),
(28, 'NEIL L MORILLO', 'nielmorillo@cfses.gov', '09453996175', '$2y$10$76HGTeq71C6MC4zAJKykz.dCfqLfMh7nJ3kO/ZPIRln.yOdZcl3d2', 'Administrator', 'Chief FSES', 1, 'SIGN-28-Administrator.png', '2025-11-23 09:15:09', NULL, '2025-11-23 03:20:46'),
(29, 'SAMMY P BOTIN', 'master@gmail.com', '09564892205', '$2y$10$Rr8Sf4gUvxFP8VhZncVV0.d6pc1sVWHGvUdsMbPbVKceaQsVViorm', 'Inspector', 'Inspector', 1, NULL, '2025-11-23 09:16:45', NULL, NULL),
(30, 'NICA JANE QUITE', 'nicaquite@gmail.com', '09777398251', '$2y$10$jn1ODH8pzTi1xOt3NNkqIulghkGQmv1KvON5uoUSlP.o/0SIu0pd2', 'Client', 'Client', 1, NULL, '2025-11-23 09:17:50', NULL, NULL),
(31, 'JONALYN GARDE', 'jfgarde@gmail.com', '09451562413', '$2y$10$M4PkcxKv5kJY/JUctmoj.O03.v5g5PpwGsjG5cVmPoE36QcfQKd0m', 'Client', 'Client', 1, NULL, '2025-11-23 09:19:00', NULL, NULL),
(32, 'APRIL CANOTAL', 'forv@gmail.com', '09296737261', '$2y$10$H1d1zvGVZMTtbPO2duF4aerrtze.KR.bom2CdYYWOtKO7.mJuu9eG', 'Client', 'Client', 1, 'SIGN-32-Client.png', '2025-11-23 09:20:26', NULL, '2025-11-23 03:28:20'),
(33, 'RICA MAE BUENAFLOR', 'ricamae@gmail.com', '09463889321', '$2y$10$xuBOvzBqAtji87o0DYZYHeYotIQy4R6ZZE8gDZHKl/wLf3rvm9MoO', 'Client', 'Client', 1, NULL, '2025-11-23 09:21:15', NULL, NULL),
(34, 'JILLIAN ELIMANCO', 'jilliangarao@gmail.com', '09482134596', '$2y$10$Hs4kRAkkuR7YVDAIrXypOOR19insihkKDEDscrnX2GbXnGVx2GC1a', 'Client', 'Client', 1, 'SIGN-34-Client.png', '2025-11-23 09:22:20', NULL, '2025-11-25 05:53:00'),
(35, 'ELNA M REALCO', 'nina@ins.gov', '09453382956', '$2y$10$ZLGXLiJqAKEntFHGUiQ/7OVtYIvKQ0Nct82UAaAdRFeDWQ/2h3byu', 'Inspector', 'Inspector', 1, NULL, '2025-11-23 09:39:28', NULL, NULL),
(36, 'HADES RIEGO', 'hriego@ins.gov', '09564332172', '$2y$10$isz9Ouirn5xzSTTQSEq/P.QcTo4BS6kL1cZGy7YFElFAjE0gSiE5m', 'Inspector', 'Inspector', 1, NULL, '2025-11-23 09:40:49', NULL, NULL),
(37, 'DO KYUNGSOO', 'do@ins.gov', '09564433218', '$2y$10$NsuerFjB/yzHvrHPqHhMVey5fyaKhofEbXLu.qYWWYPbNpmZRQzz6', 'Inspector', 'Inspector', 1, NULL, '2025-11-23 09:42:08', NULL, NULL),
(38, 'CRIMALI ACKER', 'acker@gmail.com', '09123456789', '$2y$10$PAThaoe1j4mv88qiuUedBu.VqvVeEAkdY3LAVbMTUcKIQ.n7ih4re', 'Client', 'Client', 1, NULL, '2025-11-23 15:36:37', NULL, NULL),
(39, 'WHAT IF', 'whatif@gmail.com', '09345256669', '$2y$10$Z64mHJCQJyQ3tCGAzFoyaOCmI7Gjdj8o/7M9zGOvPTjav3/HdgLFq', 'Inspector', 'Fire Officer', 1, NULL, '2025-11-23 17:10:22', NULL, NULL),
(40, 'EMMA MARY', 'emmamary@gmail.com', '09385672411', '$2y$10$9UTzek8cGp46Q3K9yj9U8emiTSsmJCgf1L6EiBZKAcK6mUfYiTdzu', 'Client', 'Client', 1, NULL, '2025-11-25 01:44:19', NULL, NULL),
(41, 'JUAN DELA CRUZ', 'juandcruz@gmail.com', '09784563345', '$2y$10$W8CM1ofWBwcAkKRoVOtvIOoO8Z/rf39ubRAng9zEycr2XMgqJxDCK', 'Administrator', 'Approver', 1, NULL, '2025-11-25 01:45:13', NULL, NULL),
(42, 'SUPREMO BRACKEN', 'supremo@gmail.com', '09564737344', '$2y$10$I343gM9Wbg2SPrELKqfhy.ihfRaYanL.NRBcX79OIX8azCh0nO5DO', 'Client', 'Client', 1, NULL, '2025-11-25 02:50:51', NULL, NULL),
(43, 'SHAYNE RAMOS', 'shayne@gmail.com', '09547473832', '$2y$10$Ij5z1zi5GoVe6zOZC8UTL.vzWHYy7qseqp742vXZDVVoDJU4OOyj2', 'Client', 'Client', 1, 'SIGN-43-Client.png', '2025-11-25 09:04:22', NULL, '2025-11-25 03:09:26'),
(44, 'GLECY BOSITO', 'bosito@ins.gov', '09643367754', '$2y$10$AJit5VMs4M/uc9O/4BdGCOSC1Fuyuv3fjDfvHpsS2HgVxV8hOmYeG', 'Inspector', 'Inspector', 1, NULL, '2025-11-25 09:06:22', NULL, NULL),
(45, 'MERRY CHRISTMAS', 'meryngaba@gmail.com', '09678765432', '$2y$10$6cx.4Mj0UNwSkY4sCiJZ5uCQKWmCy1liJgiRB4mJkkrZwjueDs3wu', 'Client', 'Client', 1, 'SIGN-45-Client.png', '2025-11-25 13:00:02', NULL, '2025-11-25 06:32:23'),
(46, 'PAULINE NUNEZ', 'NUNEZ@gmail.com', '09345627892', '$2y$10$37hJ12Bovhk9DpRa4ooysulRVLmIGFjO9i1D6Uu4rkway8RpejGIe', 'Client', 'Client', 1, NULL, '2025-11-26 13:10:25', NULL, NULL);
